user_id,cluster
1,1
1,1
2,1
2,1
3,1
3,1
4,1
4,1
5,1
5,1
6,1
6,1
7,1
7,1
8,1
8,1
9,1
9,1
10,3
10,2
11,1
11,1
12,1
12,1
13,1
13,2
14,1
14,1
15,1
15,3
16,1
16,1
17,3
17,2
18,0
18,3
19,2
19,3
20,1
20,1
21,1
21,1
22,2
22,2
23,2
23,2
24,1
24,1
25,1
25,2
26,3
26,3
27,1
27,1
28,1
28,1
29,1
29,1
30,1
30,1
31,1
31,1
32,1
32,1
33,3
33,3
34,1
34,1
35,3
35,3
36,2
36,3
37,1
37,1
38,1
38,1
39,1
39,1
40,1
40,1
41,1
41,1
42,2
42,2
43,1
43,1
44,2
44,2
45,3
45,3
46,1
46,1
47,1
47,1
48,0
48,0
49,1
49,1
50,1
50,1
51,1
51,1
52,1
52,1
53,4
53,3
54,1
54,1
55,1
55,1
56,1
56,1
57,1
57,1
58,2
58,2
59,1
59,3
60,1
60,1
61,1
61,1
62,3
62,3
63,1
63,1
64,1
64,1
65,1
65,1
66,1
66,1
67,1
67,1
68,1
68,1
69,1
69,1
70,1
70,1
71,1
71,1
72,1
72,1
73,2
73,2
74,1
74,1
75,3
75,1
76,1
76,1
77,1
77,1
78,3
78,1
79,1
79,1
80,1
80,1
81,1
81,1
82,1
82,1
83,1
83,2
84,1
84,1
85,1
85,1
86,1
86,1
87,1
87,1
88,1
88,1
89,1
89,1
90,3
90,2
91,1
91,1
92,3
92,0
93,2
93,2
94,1
94,1
95,1
95,1
96,1
96,1
97,1
97,3
98,1
98,1
99,1
99,1
100,1
100,1
101,1
101,1
102,1
102,1
103,1
103,2
104,1
104,1
105,1
105,1
106,1
106,1
107,1
107,1
108,1
108,1
109,1
109,1
110,1
110,1
111,1
111,1
112,1
112,1
113,1
113,1
114,1
114,1
115,1
115,1
116,1
116,1
117,0
117,0
118,2
118,3
119,1
119,1
120,1
120,1
121,1
121,1
122,1
122,1
123,3
123,3
124,1
124,1
125,1
125,1
126,1
126,1
127,2
127,1
128,1
128,1
129,1
129,3
130,1
130,2
131,3
131,3
132,1
132,1
133,1
133,1
134,2
134,2
135,1
135,1
136,3
136,3
137,2
137,3
138,1
138,1
139,3
139,2
140,1
140,1
141,1
141,1
142,1
142,1
143,1
143,1
144,1
144,1
145,1
145,1
146,3
146,3
147,2
147,3
148,0
148,0
149,3
149,0
150,1
150,3
151,2
151,3
152,1
152,1
153,1
153,1
154,1
154,1
155,1
155,1
156,1
156,1
157,2
157,3
158,1
158,1
159,1
159,1
160,1
160,1
161,3
161,3
162,1
162,1
163,0
163,0
164,1
164,1
165,1
165,1
166,2
166,3
167,1
167,1
168,1
168,1
169,3
169,0
170,1
170,1
171,1
171,1
172,1
172,1
173,4
173,3
174,1
174,1
175,3
175,3
176,1
176,1
177,1
177,1
178,1
178,1
179,1
179,2
180,1
180,1
181,2
181,3
182,1
182,1
183,1
183,1
184,1
184,1
185,1
185,1
186,1
186,1
187,3
187,3
188,1
188,1
189,1
189,1
190,1
190,1
191,1
191,1
192,0
192,0
193,3
193,3
194,1
194,1
195,0
195,4
196,1
196,1
197,1
197,1
198,3
198,0
199,2
199,3
200,1
200,1
201,1
201,1
202,0
202,0
203,1
203,1
204,0
204,3
205,1
205,1
206,1
206,1
207,1
207,1
208,1
208,3
209,1
209,1
210,2
210,2
211,1
211,1
212,1
212,1
213,1
213,1
214,1
214,1
215,1
215,1
216,3
216,4
217,1
217,1
218,1
218,1
219,1
219,1
220,1
220,1
221,1
221,1
222,1
222,1
223,2
223,3
224,1
224,1
225,3
225,3
226,1
226,1
227,1
227,1
228,1
228,1
229,2
229,1
230,1
230,1
231,1
231,1
232,1
232,1
233,1
233,1
234,1
234,1
235,3
235,3
236,1
236,1
237,1
237,1
238,3
238,1
239,1
239,1
240,2
240,1
241,1
241,1
242,2
242,3
243,1
243,1
244,1
244,1
245,4
245,0
246,1
246,1
247,1
247,1
248,1
248,1
249,1
249,1
250,1
250,1
251,1
251,1
252,1
252,1
253,1
253,1
254,1
254,1
255,2
255,2
256,1
256,1
257,1
257,1
258,1
258,1
259,1
259,1
260,2
260,2
261,3
261,3
262,2
262,2
263,1
263,1
264,2
264,0
265,1
265,1
266,1
266,1
267,1
267,1
268,1
268,3
269,1
269,1
270,1
270,3
271,2
271,2
272,0
272,0
273,3
273,2
274,1
274,1
275,1
275,1
276,1
276,1
277,1
277,1
278,2
278,1
279,1
279,1
280,1
280,1
281,1
281,1
282,1
282,1
283,1
283,1
284,2
284,0
285,1
285,1
286,1
286,1
287,1
287,1
288,1
288,1
289,1
289,1
290,1
290,1
291,1
291,1
292,1
292,1
293,3
293,1
294,1
294,1
295,1
295,2
296,1
296,1
297,1
297,1
298,1
298,1
299,1
299,1
300,3
300,2
301,3
301,3
302,0
302,0
303,1
303,1
304,1
304,1
305,1
305,1
306,1
306,1
307,3
307,1
308,3
308,3
309,1
309,2
310,1
310,1
311,1
311,1
312,1
312,1
313,1
313,1
314,3
314,3
315,1
315,1
316,2
316,2
317,1
317,1
318,1
318,1
319,3
319,3
320,1
320,1
321,2
321,2
322,1
322,1
323,1
323,1
324,1
324,1
325,1
325,1
326,3
326,3
327,3
327,3
328,1
328,1
329,4
329,0
330,1
330,1
331,3
331,3
332,1
332,1
333,3
333,1
334,1
334,1
335,2
335,1
336,2
336,2
337,2
337,2
338,2
338,3
339,1
339,1
340,1
340,1
341,1
341,1
342,1
342,2
343,2
343,3
344,1
344,1
345,1
345,1
346,3
346,3
347,1
347,1
348,3
348,1
349,2
349,2
350,1
350,1
351,1
351,1
352,4
352,0
353,1
353,1
354,1
354,1
355,3
355,0
356,1
356,1
357,1
357,1
358,1
358,1
359,1
359,1
360,1
360,1
361,1
361,1
362,1
362,1
363,1
363,1
364,1
364,1
365,1
365,1
366,3
366,2
367,1
367,1
368,3
368,2
369,1
369,1
370,1
370,1
371,1
371,1
372,2
372,2
373,1
373,1
374,1
374,1
375,1
375,1
376,1
376,1
377,2
377,3
378,1
378,1
379,1
379,1
380,1
380,1
381,1
381,1
382,1
382,1
383,1
383,1
384,1
384,1
385,1
385,1
386,1
386,3
387,1
387,1
388,1
388,1
389,1
389,1
390,1
390,1
391,1
391,1
392,3
392,3
393,1
393,1
394,1
394,1
395,1
395,1
396,1
396,1
397,1
397,1
398,2
398,3
399,1
399,1
400,1
400,1
401,1
401,1
402,3
402,1
403,2
403,3
404,1
404,1
405,1
405,1
406,1
406,1
407,1
407,1
408,3
408,1
409,3
409,3
410,1
410,1
411,3
411,3
412,3
412,3
413,1
413,1
414,1
414,1
415,3
415,3
416,1
416,1
417,1
417,1
418,1
418,1
419,1
419,1
420,1
420,1
421,1
421,1
422,1
422,1
423,1
423,1
424,4
424,4
425,1
425,1
426,1
426,2
427,1
427,1
428,1
428,1
429,3
429,3
430,1
430,1
431,1
431,2
432,1
432,1
433,1
433,1
434,1
434,1
435,1
435,1
436,1
436,2
437,1
437,1
438,0
438,0
439,1
439,1
440,1
440,1
441,1
441,1
442,3
442,3
443,1
443,1
444,1
444,1
445,2
445,2
446,1
446,1
447,1
447,1
448,1
448,1
449,1
449,1
450,1
450,1
451,3
451,1
452,1
452,1
453,3
453,3
454,3
454,3
455,1
455,1
456,1
456,2
457,3
457,1
458,1
458,1
459,1
459,1
460,1
460,1
461,0
461,4
462,1
462,2
463,1
463,1
464,1
464,1
465,1
465,1
466,1
466,3
467,1
467,1
468,1
468,1
469,1
469,1
470,1
470,1
471,1
471,2
472,1
472,1
473,1
473,1
474,3
474,2
475,0
475,2
476,0
476,3
477,2
477,2
478,1
478,1
479,1
479,1
480,1
480,1
481,3
481,1
482,3
482,0
483,1
483,1
484,1
484,1
485,1
485,1
486,1
486,1
487,1
487,1
488,1
488,1
489,1
489,1
490,1
490,1
491,1
491,1
492,1
492,1
493,1
493,1
494,3
494,2
495,1
495,1
496,1
496,1
497,1
497,1
498,1
498,1
499,3
499,1
500,1
500,1
501,1
501,1
502,1
502,1
503,1
503,1
504,1
504,1
505,2
505,1
506,1
506,1
507,1
507,1
508,2
508,2
509,0
509,0
510,1
510,2
511,1
511,1
512,1
512,1
513,1
513,1
514,1
514,1
515,1
515,1
516,3
516,2
517,1
517,1
518,1
518,3
519,1
519,1
520,3
520,3
521,1
521,1
522,1
522,1
523,1
523,1
524,4
524,4
525,1
525,1
526,1
526,1
527,1
527,1
528,0
528,0
529,1
529,1
530,2
530,1
531,3
531,0
532,1
532,1
533,3
533,0
534,1
534,1
535,1
535,1
536,3
536,3
537,1
537,1
538,1
538,1
539,2
539,2
540,1
540,1
541,2
541,1
542,1
542,1
543,0
543,3
544,1
544,1
545,1
545,1
546,1
546,3
547,1
547,2
548,1
548,1
549,4
549,4
550,0
550,4
551,1
551,3
552,1
552,1
553,1
553,1
554,1
554,1
555,1
555,1
556,3
556,2
557,1
557,1
558,3
558,3
559,1
559,1
560,2
560,2
561,1
561,1
562,1
562,1
563,0
563,2
564,1
564,1
565,1
565,1
566,3
566,0
567,1
567,1
568,1
568,1
569,1
569,1
570,3
570,1
571,2
571,2
572,1
572,1
573,1
573,1
574,1
574,1
575,2
575,1
576,1
576,1
577,1
577,1
578,1
578,1
579,1
579,1
580,1
580,1
581,1
581,1
582,1
582,1
583,1
583,3
584,1
584,1
585,1
585,2
586,1
586,1
587,3
587,3
588,3
588,3
589,1
589,1
590,1
590,1
591,3
591,3
592,1
592,1
593,1
593,1
594,1
594,1
595,1
595,1
596,1
596,1
597,1
597,1
598,1
598,1
599,1
599,1
600,1
600,1
601,3
601,3
602,2
602,2
603,1
603,1
604,2
604,0
605,1
605,1
606,1
606,1
607,1
607,1
608,1
608,1
609,1
609,1
610,1
610,2
611,1
611,1
612,1
612,1
613,1
613,1
614,1
614,1
615,1
615,1
616,1
616,1
617,1
617,1
618,1
618,1
619,1
619,1
620,3
620,1
621,3
621,2
622,1
622,1
623,3
623,1
624,2
624,3
625,1
625,1
626,1
626,1
627,1
627,1
628,1
628,1
629,3
629,0
630,1
630,1
631,3
631,3
632,1
632,1
633,1
633,1
634,1
634,1
635,1
635,3
636,1
636,2
637,3
637,3
638,1
638,1
639,0
639,3
640,1
640,1
641,1
641,1
642,1
642,1
643,1
643,1
644,1
644,1
645,1
645,1
646,3
646,2
647,2
647,1
648,1
648,1
649,1
649,1
650,1
650,1
651,0
651,3
652,1
652,2
653,1
653,1
654,1
654,1
655,3
655,3
656,3
656,1
657,1
657,1
658,1
658,1
659,1
659,1
660,0
660,4
661,1
661,1
662,1
662,2
663,1
663,1
664,1
664,1
665,1
665,1
666,1
666,1
667,1
667,1
668,1
668,1
669,3
669,0
670,1
670,1
671,1
671,1
672,1
672,1
673,3
673,3
674,1
674,1
675,1
675,1
676,3
676,3
677,1
677,1
678,4
678,0
679,1
679,1
680,1
680,1
681,1
681,1
682,1
682,1
683,1
683,1
684,1
684,1
685,1
685,1
686,1
686,1
687,2
687,3
688,1
688,1
689,1
689,2
690,1
690,1
691,1
691,1
692,0
692,3
693,1
693,1
694,1
694,1
695,2
695,1
696,3
696,2
697,1
697,1
698,2
698,2
699,0
699,3
700,1
700,1
701,1
701,1
702,3
702,3
703,1
703,1
704,1
704,1
705,1
705,1
706,1
706,1
707,1
707,1
708,1
708,1
709,1
709,1
710,0
710,4
711,1
711,1
712,2
712,2
713,2
713,3
714,3
714,0
715,1
715,1
716,2
716,0
717,1
717,1
718,1
718,1
719,1
719,1
720,2
720,3
721,0
721,4
722,1
722,1
723,1
723,1
724,1
724,1
725,1
725,1
726,1
726,1
727,1
727,1
728,1
728,1
729,2
729,2
730,1
730,1
731,3
731,3
732,3
732,1
733,1
733,1
734,1
734,1
735,2
735,3
736,1
736,1
737,3
737,3
738,1
738,1
739,1
739,1
740,1
740,1
741,1
741,1
742,1
742,1
743,1
743,1
744,2
744,3
745,1
745,1
746,2
746,0
747,1
747,1
748,1
748,1
749,3
749,3
750,1
750,1
751,1
751,1
752,4
752,4
753,2
753,1
754,1
754,1
755,1
755,1
756,1
756,1
757,0
757,0
758,1
758,1
759,1
759,1
760,1
760,1
761,1
761,1
762,1
762,1
763,1
763,1
764,1
764,1
765,2
765,0
766,1
766,1
767,1
767,1
768,1
768,1
769,1
769,1
770,0
770,0
771,1
771,1
772,1
772,2
773,1
773,1
774,3
774,2
775,1
775,1
776,1
776,1
777,0
777,0
778,2
778,1
779,1
779,1
780,0
780,0
781,2
781,1
782,1
782,1
783,1
783,2
784,1
784,1
785,1
785,1
786,1
786,2
787,1
787,1
788,2
788,2
789,1
789,1
790,1
790,1
791,2
791,3
792,1
792,1
793,1
793,1
794,1
794,1
795,1
795,1
796,0
796,3
797,1
797,1
798,0
798,2
799,1
799,1
800,3
800,3
801,3
801,3
802,2
802,3
803,1
803,1
804,1
804,1
805,1
805,1
806,1
806,1
807,1
807,1
808,2
808,2
809,1
809,1
810,1
810,1
811,1
811,1
812,1
812,1
813,1
813,1
814,1
814,1
815,1
815,1
816,3
816,2
817,2
817,0
818,2
818,3
819,1
819,1
820,2
820,2
821,1
821,1
822,3
822,3
823,1
823,1
824,3
824,3
825,1
825,1
826,1
826,1
827,1
827,1
828,1
828,1
829,3
829,1
830,1
830,2
831,1
831,1
832,1
832,1
833,1
833,1
834,1
834,1
835,1
835,1
836,1
836,1
837,1
837,1
838,1
838,2
839,0
839,4
840,3
840,3
841,1
841,1
842,1
842,1
843,1
843,1
844,1
844,1
845,1
845,1
846,3
846,2
847,1
847,1
848,1
848,1
849,1
849,1
850,3
850,3
851,1
851,1
852,1
852,1
853,1
853,1
854,0
854,3
855,3
855,3
856,1
856,1
857,1
857,1
858,1
858,2
859,2
859,1
860,1
860,1
861,1
861,1
862,1
862,1
863,1
863,1
864,1
864,1
865,1
865,1
866,1
866,1
867,1
867,1
868,1
868,1
869,0
869,0
870,1
870,1
871,1
871,1
872,1
872,1
873,1
873,1
874,1
874,1
875,1
875,1
876,1
876,1
877,0
877,3
878,1
878,1
879,1
879,1
880,2
880,1
881,0
881,4
882,1
882,2
883,1
883,1
884,1
884,1
885,1
885,1
886,1
886,1
887,1
887,1
888,1
888,1
889,4
889,4
890,2
890,3
891,3
891,3
892,1
892,1
893,1
893,1
894,1
894,1
895,1
895,1
896,1
896,1
897,1
897,1
898,1
898,1
899,3
899,3
900,1
900,1
901,1
901,1
902,1
902,1
903,1
903,1
904,2
904,3
905,2
905,1
906,1
906,1
907,1
907,1
908,1
908,1
909,1
909,1
910,1
910,1
911,0
911,3
912,1
912,1
913,1
913,1
914,1
914,1
915,1
915,1
916,1
916,1
917,1
917,1
918,1
918,1
919,2
919,3
920,1
920,1
921,1
921,1
922,3
922,2
923,1
923,1
924,1
924,3
925,1
925,1
926,1
926,1
927,1
927,1
928,3
928,1
929,2
929,3
930,1
930,1
931,3
931,3
932,1
932,1
933,1
933,1
934,3
934,3
935,3
935,2
936,1
936,1
937,2
937,3
938,1
938,1
939,1
939,1
940,1
940,1
941,1
941,1
942,1
942,1
943,1
943,1
944,1
944,1
945,1
945,1
946,1
946,1
947,1
947,1
948,3
948,2
949,2
949,0
950,1
950,1
951,1
951,1
952,1
952,1
953,3
953,3
954,1
954,1
955,2
955,0
956,1
956,1
957,1
957,3
958,1
958,1
959,1
959,1
960,1
960,1
961,1
961,1
962,1
962,1
963,3
963,3
964,1
964,1
965,1
965,1
966,1
966,1
967,1
967,1
968,1
968,1
969,1
969,1
970,3
970,0
971,2
971,2
972,1
972,1
973,1
973,3
974,1
974,1
975,3
975,3
976,1
976,1
977,2
977,1
978,1
978,1
979,1
979,1
980,1
980,1
981,3
981,1
982,1
982,1
983,1
983,1
984,3
984,4
985,2
985,3
986,1
986,1
987,1
987,1
988,1
988,1
989,1
989,1
990,1
990,1
991,1
991,1
992,1
992,1
993,1
993,1
994,1
994,1
995,1
995,1
996,2
996,3
997,1
997,1
998,1
998,1
999,0
999,3
1000,1
1000,1
1001,3
1001,3
1002,1
1002,1
1003,1
1003,1
1004,0
1004,3
1005,1
1005,1
1006,1
1006,1
1007,1
1007,1
1008,1
1008,1
1009,1
1009,1
1010,0
1010,4
1011,1
1011,1
1012,1
1012,1
1013,1
1013,1
1014,1
1014,1
1015,4
1015,4
1016,1
1016,1
1017,3
1017,2
1018,1
1018,1
1019,4
1019,4
1020,1
1020,1
1021,1
1021,1
1022,1
1022,1
1023,1
1023,1
1024,1
1024,1
1025,1
1025,1
1026,1
1026,1
1027,1
1027,1
1028,1
1028,1
1029,3
1029,3
1030,2
1030,2
1031,2
1031,2
1032,1
1032,1
1033,2
1033,2
1034,3
1034,3
1035,1
1035,1
1036,1
1036,1
1037,1
1037,1
1038,1
1038,1
1039,1
1039,1
1040,1
1040,3
1041,1
1041,1
1042,1
1042,1
1043,1
1043,1
1044,1
1044,1
1045,1
1045,1
1046,1
1046,1
1047,1
1047,1
1048,1
1048,1
1049,1
1049,1
1050,0
1050,3
1051,0
1051,0
1052,1
1052,1
1053,3
1053,2
1054,2
1054,1
1055,1
1055,1
1056,1
1056,1
1057,2
1057,2
1058,2
1058,3
1059,3
1059,3
1060,1
1060,1
1061,1
1061,1
1062,3
1062,3
1063,1
1063,1
1064,1
1064,1
1065,1
1065,1
1066,1
1066,1
1067,1
1067,1
1068,3
1068,0
1069,2
1069,3
1070,1
1070,1
1071,1
1071,3
1072,1
1072,1
1073,1
1073,1
1074,3
1074,1
1075,1
1075,1
1076,1
1076,1
1077,3
1077,3
1078,1
1078,1
1079,1
1079,1
1080,1
1080,1
1081,1
1081,1
1082,1
1082,1
1083,1
1083,1
1084,3
1084,1
1085,1
1085,1
1086,3
1086,2
1087,2
1087,3
1088,4
1088,4
1089,1
1089,1
1090,1
1090,1
1091,1
1091,1
1092,1
1092,1
1093,1
1093,1
1094,1
1094,1
1095,1
1095,1
1096,3
1096,2
1097,1
1097,1
1098,1
1098,1
1099,1
1099,2
1100,0
1100,3
1101,2
1101,0
1102,1
1102,1
1103,1
1103,1
1104,1
1104,1
1105,1
1105,1
1106,1
1106,1
1107,1
1107,1
1108,1
1108,1
1109,1
1109,2
1110,1
1110,1
1111,1
1111,1
1112,0
1112,0
1113,2
1113,3
1114,1
1114,1
1115,1
1115,1
1116,1
1116,1
1117,0
1117,0
1118,1
1118,1
1119,2
1119,3
1120,0
1120,0
1121,3
1121,1
1122,1
1122,2
1123,1
1123,1
1124,3
1124,2
1125,0
1125,0
1126,1
1126,1
1127,1
1127,1
1128,3
1128,3
1129,1
1129,1
1130,3
1130,2
1131,1
1131,1
1132,2
1132,2
1133,1
1133,3
1134,1
1134,3
1135,2
1135,2
1136,1
1136,1
1137,3
1137,3
1138,1
1138,1
1139,1
1139,1
1140,3
1140,2
1141,3
1141,3
1142,1
1142,3
1143,1
1143,1
1144,1
1144,1
1145,1
1145,1
1146,2
1146,3
1147,3
1147,3
1148,1
1148,1
1149,1
1149,2
1150,4
1150,4
1151,2
1151,3
1152,2
1152,2
1153,1
1153,1
1154,1
1154,1
1155,2
1155,2
1156,1
1156,1
1157,1
1157,1
1158,1
1158,1
1159,2
1159,2
1160,1
1160,1
1161,1
1161,1
1162,1
1162,3
1163,1
1163,1
1164,3
1164,3
1165,1
1165,1
1166,1
1166,1
1167,1
1167,1
1168,2
1168,1
1169,1
1169,1
1170,3
1170,3
1171,1
1171,1
1172,3
1172,3
1173,3
1173,3
1174,1
1174,1
1175,1
1175,1
1176,1
1176,1
1177,1
1177,1
1178,1
1178,1
1179,2
1179,2
1180,1
1180,1
1181,4
1181,4
1182,3
1182,2
1183,3
1183,2
1184,2
1184,3
1185,1
1185,1
1186,2
1186,1
1187,1
1187,1
1188,1
1188,1
1189,1
1189,1
1190,1
1190,1
1191,1
1191,3
1192,1
1192,1
1193,2
1193,3
1194,0
1194,3
1195,1
1195,1
1196,1
1196,1
1197,1
1197,1
1198,1
1198,1
1199,1
1199,1
1200,1
1200,1
1201,1
1201,1
1202,2
1202,3
1203,3
1203,0
1204,1
1204,1
1205,1
1205,1
1206,2
1206,2
1207,0
1207,0
1208,1
1208,1
1209,3
1209,1
1210,1
1210,1
1211,3
1211,3
1212,1
1212,1
1213,1
1213,1
1214,1
1214,1
1215,1
1215,2
1216,3
1216,2
1217,1
1217,1
1218,3
1218,3
1219,2
1219,0
1220,2
1220,1
1221,2
1221,1
1222,1
1222,1
1223,1
1223,1
1224,3
1224,3
1225,1
1225,1
1226,1
1226,1
1227,1
1227,1
1228,3
1228,2
1229,1
1229,1
1230,2
1230,2
1231,1
1231,1
1232,1
1232,1
1233,1
1233,1
1234,1
1234,1
1235,1
1235,1
1236,1
1236,1
1237,1
1237,1
1238,1
1238,1
1239,1
1239,1
1240,1
1240,1
1241,1
1241,1
1242,3
1242,3
1243,2
1243,3
1244,3
1244,0
1245,1
1245,1
1246,0
1246,0
1247,1
1247,1
1248,1
1248,1
1249,1
1249,1
1250,1
1250,1
1251,1
1251,1
1252,1
1252,1
1253,1
1253,1
1254,1
1254,1
1255,1
1255,1
1256,1
1256,1
1257,1
1257,1
1258,1
1258,1
1259,1
1259,1
1260,4
1260,3
1261,1
1261,1
1262,1
1262,1
1263,3
1263,3
1264,4
1264,0
1265,3
1265,2
1266,3
1266,0
1267,2
1267,3
1268,3
1268,3
1269,1
1269,1
1270,1
1270,1
1271,1
1271,1
1272,2
1272,3
1273,3
1273,3
1274,4
1274,3
1275,1
1275,1
1276,1
1276,1
1277,1
1277,1
1278,1
1278,1
1279,3
1279,3
1280,1
1280,1
1281,1
1281,1
1282,1
1282,1
1283,1
1283,1
1284,3
1284,0
1285,4
1285,4
1286,1
1286,1
1287,1
1287,1
1288,1
1288,1
1289,1
1289,1
1290,1
1290,1
1291,3
1291,1
1292,1
1292,1
1293,1
1293,1
1294,3
1294,3
1295,1
1295,1
1296,1
1296,1
1297,3
1297,2
1298,0
1298,0
1299,3
1299,2
1300,1
1300,1
1301,3
1301,3
1302,1
1302,1
1303,4
1303,3
1304,1
1304,1
1305,1
1305,1
1306,2
1306,3
1307,1
1307,1
1308,1
1308,1
1309,1
1309,1
1310,1
1310,1
1311,2
1311,3
1312,2
1312,2
1313,1
1313,1
1314,3
1314,1
1315,1
1315,1
1316,1
1316,1
1317,4
1317,0
1318,1
1318,1
1319,1
1319,1
1320,1
1320,1
1321,1
1321,1
1322,3
1322,3
1323,1
1323,1
1324,1
1324,1
1325,2
1325,3
1326,1
1326,1
1327,1
1327,1
1328,2
1328,2
1329,2
1329,0
1330,1
1330,1
1331,1
1331,1
1332,1
1332,1
1333,4
1333,0
1334,1
1334,1
1335,3
1335,3
1336,1
1336,1
1337,1
1337,1
1338,1
1338,1
1339,1
1339,2
1340,0
1340,4
1341,1
1341,1
1342,1
1342,1
1343,3
1343,3
1344,1
1344,1
1345,1
1345,1
1346,1
1346,1
1347,1
1347,1
1348,1
1348,1
1349,1
1349,1
1350,1
1350,1
1351,1
1351,1
1352,1
1352,1
1353,1
1353,1
1354,0
1354,4
1355,1
1355,1
1356,3
1356,0
1357,1
1357,1
1358,2
1358,2
1359,1
1359,1
1360,1
1360,1
1361,1
1361,1
1362,2
1362,2
1363,1
1363,1
1364,1
1364,1
1365,1
1365,1
1366,1
1366,1
1367,3
1367,2
1368,1
1368,1
1369,2
1369,3
1370,1
1370,1
1371,1
1371,1
1372,1
1372,1
1373,1
1373,1
1374,1
1374,1
1375,1
1375,1
1376,1
1376,1
1377,0
1377,0
1378,1
1378,1
1379,1
1379,1
1380,2
1380,0
1381,1
1381,1
1382,1
1382,1
1383,4
1383,3
1384,1
1384,1
1385,1
1385,1
1386,1
1386,1
1387,3
1387,3
1388,1
1388,1
1389,2
1389,3
1390,2
1390,3
1391,1
1391,3
1392,2
1392,3
1393,1
1393,1
1394,1
1394,1
1395,3
1395,2
1396,1
1396,3
1397,1
1397,1
1398,1
1398,1
1399,2
1399,2
1400,1
1400,1
1401,1
1401,1
1402,1
1402,1
1403,1
1403,1
1404,3
1404,3
1405,1
1405,1
1406,1
1406,1
1407,3
1407,1
1408,1
1408,2
1409,1
1409,1
1410,1
1410,1
1411,1
1411,1
1412,1
1412,1
1413,1
1413,1
1414,1
1414,1
1415,1
1415,1
1416,1
1416,1
1417,1
1417,1
1418,2
1418,0
1419,1
1419,1
1420,2
1420,3
1421,1
1421,1
1422,0
1422,0
1423,1
1423,1
1424,1
1424,1
1425,0
1425,0
1426,3
1426,2
1427,1
1427,1
1428,1
1428,1
1429,1
1429,1
1430,1
1430,1
1431,1
1431,1
1432,1
1432,1
1433,1
1433,2
1434,2
1434,2
1435,1
1435,1
1436,1
1436,1
1437,1
1437,1
1438,1
1438,1
1439,1
1439,1
1440,1
1440,1
1441,1
1441,1
1442,2
1442,1
1443,1
1443,1
1444,1
1444,1
1445,1
1445,1
1446,1
1446,1
1447,4
1447,0
1448,0
1448,4
1449,4
1449,4
1450,1
1450,1
1451,4
1451,0
1452,1
1452,1
1453,1
1453,1
1454,1
1454,1
1455,1
1455,1
1456,1
1456,1
1457,3
1457,3
1458,1
1458,1
1459,1
1459,1
1460,1
1460,1
1461,1
1461,1
1462,1
1462,1
1463,2
1463,1
1464,1
1464,1
1465,3
1465,4
1466,3
1466,0
1467,1
1467,1
1468,1
1468,1
1469,1
1469,1
1470,3
1470,3
1471,1
1471,1
1472,2
1472,0
1473,2
1473,2
1474,1
1474,2
1475,1
1475,1
1476,1
1476,1
1477,1
1477,1
1478,1
1478,1
1479,1
1479,1
1480,1
1480,1
1481,1
1481,1
1482,1
1482,1
1483,2
1483,2
1484,3
1484,3
1485,1
1485,1
1486,1
1486,1
1487,1
1487,1
1488,1
1488,1
1489,3
1489,3
1490,3
1490,2
1491,1
1491,3
1492,1
1492,1
1493,1
1493,1
1494,1
1494,1
1495,1
1495,2
1496,0
1496,0
1497,2
1497,2
1498,1
1498,1
1499,2
1499,1
1500,1
1500,1
1501,0
1501,0
1502,2
1502,2
1503,3
1503,2
1504,1
1504,1
1505,3
1505,3
1506,1
1506,1
1507,1
1507,1
1508,1
1508,1
1509,2
1509,2
1510,1
1510,1
1511,1
1511,1
1512,1
1512,1
1513,3
1513,3
1514,1
1514,1
1515,1
1515,1
1516,2
1516,3
1517,1
1517,1
1518,1
1518,1
1519,1
1519,1
1520,1
1520,1
1521,1
1521,1
1522,1
1522,2
1523,1
1523,1
1524,2
1524,3
1525,1
1525,3
1526,1
1526,1
1527,1
1527,1
1528,1
1528,1
1529,1
1529,1
1530,3
1530,3
1531,1
1531,1
1532,1
1532,1
1533,1
1533,1
1534,1
1534,1
1535,1
1535,1
1536,1
1536,1
1537,1
1537,1
1538,1
1538,1
1539,1
1539,1
1540,1
1540,3
1541,1
1541,1
1542,2
1542,2
1543,2
1543,1
1544,2
1544,1
1545,3
1545,3
1546,3
1546,3
1547,1
1547,1
1548,1
1548,1
1549,1
1549,1
1550,1
1550,1
1551,1
1551,3
1552,3
1552,3
1553,1
1553,1
1554,1
1554,1
1555,1
1555,1
1556,3
1556,3
1557,1
1557,1
1558,1
1558,1
1559,1
1559,1
1560,1
1560,2
1561,1
1561,1
1562,1
1562,1
1563,1
1563,1
1564,1
1564,2
1565,1
1565,1
1566,1
1566,1
1567,1
1567,1
1568,1
1568,1
1569,1
1569,1
1570,1
1570,1
1571,1
1571,1
1572,1
1572,1
1573,1
1573,1
1574,1
1574,1
1575,1
1575,1
1576,1
1576,1
1577,1
1577,1
1578,1
1578,1
1579,0
1579,0
1580,1
1580,1
1581,1
1581,1
1582,1
1582,1
1583,1
1583,1
1584,3
1584,2
1585,1
1585,1
1586,0
1586,3
1587,3
1587,3
1588,1
1588,1
1589,2
1589,1
1590,1
1590,1
1591,3
1591,3
1592,3
1592,3
1593,1
1593,1
1594,3
1594,1
1595,1
1595,1
1596,1
1596,1
1597,1
1597,1
1598,2
1598,2
1599,0
1599,0
1600,2
1600,3
1601,1
1601,2
1602,1
1602,1
1603,1
1603,1
1604,1
1604,1
1605,0
1605,0
1606,2
1606,3
1607,1
1607,3
1608,1
1608,1
1609,3
1609,3
1610,1
1610,1
1611,2
1611,0
1612,1
1612,1
1613,0
1613,0
1614,1
1614,1
1615,1
1615,1
1616,2
1616,2
1617,2
1617,2
1618,1
1618,1
1619,1
1619,1
1620,1
1620,1
1621,1
1621,1
1622,1
1622,1
1623,1
1623,2
1624,2
1624,0
1625,1
1625,1
1626,2
1626,1
1627,1
1627,1
1628,2
1628,3
1629,1
1629,1
1630,3
1630,2
1631,3
1631,1
1632,4
1632,3
1633,1
1633,1
1634,1
1634,1
1635,0
1635,0
1636,1
1636,1
1637,1
1637,2
1638,1
1638,1
1639,3
1639,3
1640,1
1640,2
1641,2
1641,1
1642,1
1642,1
1643,3
1643,2
1644,1
1644,1
1645,3
1645,0
1646,1
1646,1
1647,0
1647,0
1648,3
1648,3
1649,1
1649,1
1650,2
1650,3
1651,1
1651,1
1652,1
1652,1
1653,1
1653,1
1654,1
1654,1
1655,2
1655,1
1656,1
1656,1
1657,1
1657,1
1658,3
1658,2
1659,1
1659,1
1660,1
1660,1
1661,1
1661,1
1662,1
1662,1
1663,1
1663,1
1664,1
1664,1
1665,1
1665,1
1666,3
1666,0
1667,4
1667,0
1668,1
1668,1
1669,1
1669,1
1670,1
1670,1
1671,4
1671,3
1672,1
1672,1
1673,2
1673,1
1674,1
1674,1
1675,2
1675,0
1676,0
1676,0
1677,1
1677,1
1678,1
1678,1
1679,1
1679,1
1680,4
1680,4
1681,1
1681,1
1682,1
1682,1
1683,1
1683,1
1684,1
1684,1
1685,3
1685,3
1686,1
1686,1
1687,3
1687,3
1688,1
1688,1
1689,2
1689,2
1690,1
1690,1
1691,1
1691,1
1692,1
1692,3
1693,3
1693,3
1694,0
1694,3
1695,2
1695,2
1696,2
1696,3
1697,3
1697,3
1698,4
1698,4
1699,3
1699,3
1700,1
1700,1
1701,3
1701,3
1702,1
1702,1
1703,1
1703,1
1704,1
1704,1
1705,1
1705,1
1706,3
1706,1
1707,1
1707,1
1708,1
1708,1
1709,3
1709,1
1710,1
1710,1
1711,1
1711,1
1712,3
1712,3
1713,1
1713,1
1714,2
1714,2
1715,1
1715,1
1716,3
1716,1
1717,2
1717,3
1718,1
1718,1
1719,1
1719,1
1720,1
1720,1
1721,1
1721,1
1722,1
1722,2
1723,2
1723,2
1724,1
1724,1
1725,1
1725,1
1726,0
1726,0
1727,0
1727,3
1728,1
1728,1
1729,1
1729,1
1730,1
1730,1
1731,1
1731,1
1732,1
1732,1
1733,4
1733,4
1734,1
1734,1
1735,1
1735,1
1736,1
1736,1
1737,0
1737,0
1738,1
1738,1
1739,1
1739,1
1740,1
1740,1
1741,4
1741,3
1742,1
1742,1
1743,1
1743,1
1744,1
1744,1
1745,1
1745,1
1746,2
1746,3
1747,1
1747,1
1748,4
1748,3
1749,3
1749,3
1750,1
1750,1
1751,1
1751,1
1752,2
1752,3
1753,2
1753,3
1754,1
1754,1
1755,3
1755,3
1756,1
1756,1
1757,2
1757,3
1758,3
1758,3
1759,2
1759,1
1760,1
1760,1
1761,2
1761,2
1762,1
1762,1
1763,1
1763,1
1764,0
1764,0
1765,1
1765,1
1766,1
1766,1
1767,3
1767,3
1768,1
1768,1
1769,1
1769,1
1770,1
1770,1
1771,1
1771,1
1772,1
1772,1
1773,1
1773,1
1774,1
1774,1
1775,1
1775,3
1776,2
1776,3
1777,1
1777,1
1778,0
1778,0
1779,2
1779,1
1780,0
1780,0
1781,1
1781,1
1782,1
1782,1
1783,1
1783,1
1784,1
1784,1
1785,1
1785,1
1786,1
1786,1
1787,1
1787,1
1788,1
1788,1
1789,1
1789,1
1790,2
1790,3
1791,1
1791,3
1792,1
1792,1
1793,3
1793,2
1794,3
1794,0
1795,1
1795,1
1796,1
1796,1
1797,3
1797,1
1798,1
1798,1
1799,1
1799,1
1800,2
1800,3
1801,1
1801,1
1802,3
1802,1
1803,2
1803,2
1804,1
1804,1
1805,2
1805,3
1806,1
1806,2
1807,1
1807,2
1808,1
1808,1
1809,1
1809,1
1810,1
1810,1
1811,1
1811,1
1812,0
1812,0
1813,1
1813,1
1814,1
1814,1
1815,1
1815,1
1816,1
1816,1
1817,2
1817,2
1818,1
1818,1
1819,1
1819,2
1820,2
1820,3
1821,1
1821,1
1822,1
1822,1
1823,1
1823,1
1824,1
1824,1
1825,1
1825,1
1826,1
1826,1
1827,1
1827,1
1828,1
1828,1
1829,1
1829,1
1830,1
1830,1
1831,1
1831,1
1832,1
1832,1
1833,1
1833,1
1834,1
1834,1
1835,4
1835,4
1836,3
1836,3
1837,0
1837,4
1838,1
1838,1
1839,1
1839,1
1840,1
1840,1
1841,1
1841,1
1842,3
1842,3
1843,1
1843,1
1844,1
1844,1
1845,1
1845,1
1846,1
1846,1
1847,1
1847,1
1848,1
1848,1
1849,1
1849,1
1850,1
1850,1
1851,2
1851,2
1852,1
1852,1
1853,1
1853,1
1854,3
1854,2
1855,1
1855,2
1856,2
1856,2
1857,1
1857,1
1858,1
1858,1
1859,1
1859,1
1860,2
1860,2
1861,3
1861,3
1862,1
1862,1
1863,1
1863,1
1864,1
1864,1
1865,1
1865,3
1866,1
1866,1
1867,1
1867,1
1868,1
1868,1
1869,1
1869,1
1870,2
1870,1
1871,1
1871,1
1872,1
1872,1
1873,2
1873,1
1874,1
1874,1
1875,3
1875,2
1876,1
1876,1
1877,1
1877,1
1878,1
1878,2
1879,2
1879,2
1880,0
1880,4
1881,1
1881,1
1882,3
1882,3
1883,3
1883,3
1884,4
1884,4
1885,1
1885,1
1886,1
1886,1
1887,1
1887,1
1888,1
1888,1
1889,3
1889,0
1890,3
1890,3
1891,2
1891,3
1892,1
1892,1
1893,1
1893,1
1894,1
1894,1
1895,1
1895,1
1896,3
1896,3
1897,3
1897,3
1898,1
1898,1
1899,4
1899,4
1900,1
1900,1
1901,2
1901,1
1902,2
1902,2
1903,1
1903,3
1904,2
1904,0
1905,1
1905,1
1906,1
1906,1
1907,1
1907,1
1908,1
1908,1
1909,1
1909,1
1910,1
1910,1
1911,1
1911,1
1912,4
1912,4
1913,1
1913,1
1914,1
1914,1
1915,1
1915,1
1916,3
1916,3
1917,2
1917,1
1918,1
1918,1
1919,1
1919,1
1920,0
1920,3
1921,1
1921,1
1922,2
1922,3
1923,1
1923,1
1924,1
1924,1
1925,3
1925,3
1926,4
1926,3
1927,1
1927,1
1928,3
1928,2
1929,1
1929,1
1930,3
1930,2
1931,1
1931,1
1932,1
1932,1
1933,1
1933,1
1934,1
1934,1
1935,1
1935,1
1936,1
1936,1
1937,3
1937,3
1938,3
1938,2
1939,3
1939,3
1940,1
1940,1
1941,4
1941,4
1942,1
1942,1
1943,4
1943,3
1944,1
1944,1
1945,1
1945,1
1946,1
1946,1
1947,1
1947,1
1948,2
1948,2
1949,1
1949,1
1950,2
1950,1
1951,1
1951,1
1952,3
1952,3
1953,1
1953,1
1954,1
1954,1
1955,1
1955,1
1956,1
1956,1
1957,1
1957,1
1958,0
1958,0
1959,1
1959,1
1960,3
1960,1
1961,1
1961,1
1962,3
1962,3
1963,1
1963,1
1964,1
1964,1
1965,1
1965,1
1966,1
1966,1
1967,1
1967,1
1968,2
1968,3
1969,0
1969,3
1970,1
1970,1
1971,1
1971,1
1972,1
1972,1
1973,1
1973,1
1974,2
1974,3
1975,1
1975,1
1976,1
1976,1
1977,1
1977,1
1978,1
1978,1
1979,1
1979,1
1980,4
1980,4
1981,1
1981,1
1982,1
1982,1
1983,0
1983,0
1984,3
1984,2
1985,2
1985,2
1986,1
1986,1
1987,1
1987,1
1988,3
1988,3
1989,1
1989,1
1990,1
1990,1
1991,1
1991,1
1992,1
1992,1
1993,1
1993,1
1994,1
1994,1
1995,1
1995,1
1996,2
1996,2
1997,1
1997,1
1998,3
1998,3
1999,1
1999,1
2000,1
2000,1
2001,1
2001,1
2002,3
2002,1
2003,1
2003,1
2004,2
2004,2
2005,1
2005,1
2006,1
2006,1
2007,1
2007,1
2008,1
2008,1
2009,1
2009,1
2010,0
2010,3
2011,2
2011,3
2012,0
2012,0
2013,1
2013,2
2014,1
2014,1
2015,0
2015,0
2016,3
2016,2
2017,2
2017,1
2018,3
2018,3
2019,1
2019,1
2020,3
2020,3
2021,1
2021,2
2022,2
2022,3
2023,3
2023,3
2024,3
2024,1
2025,1
2025,1
2026,3
2026,3
2027,1
2027,1
2028,1
2028,1
2029,3
2029,1
2030,4
2030,0
2031,2
2031,1
2032,1
2032,1
2033,1
2033,1
2034,1
2034,1
2035,1
2035,1
2036,1
2036,1
2037,1
2037,1
2038,3
2038,3
2039,1
2039,1
2040,1
2040,1
2041,3
2041,3
2042,2
2042,2
2043,1
2043,1
2044,1
2044,1
2045,1
2045,1
2046,1
2046,1
2047,3
2047,3
2048,1
2048,1
2049,1
2049,1
2050,1
2050,1
2051,2
2051,3
2052,1
2052,1
2053,1
2053,1
2054,0
2054,3
2055,1
2055,1
2056,2
2056,2
2057,1
2057,1
2058,1
2058,1
2059,3
2059,2
2060,2
2060,1
2061,1
2061,1
2062,1
2062,1
2063,0
2063,4
2064,3
2064,3
2065,1
2065,1
2066,1
2066,1
2067,3
2067,3
2068,1
2068,1
2069,1
2069,1
2070,1
2070,1
2071,2
2071,3
2072,3
2072,3
2073,3
2073,3
2074,1
2074,1
2075,1
2075,1
2076,1
2076,1
2077,3
2077,0
2078,1
2078,1
2079,1
2079,1
2080,1
2080,1
2081,1
2081,1
2082,1
2082,1
2083,1
2083,1
2084,1
2084,1
2085,3
2085,1
2086,1
2086,1
2087,1
2087,1
2088,2
2088,0
2089,1
2089,1
2090,2
2090,2
2091,1
2091,3
2092,4
2092,3
2093,1
2093,1
2094,1
2094,1
2095,1
2095,1
2096,1
2096,1
2097,2
2097,1
2098,2
2098,2
2099,1
2099,1
2100,3
2100,3
2101,2
2101,1
2102,3
2102,3
2103,1
2103,1
2104,1
2104,1
2105,2
2105,3
2106,0
2106,3
2107,1
2107,1
2108,1
2108,1
2109,4
2109,0
2110,2
2110,3
2111,1
2111,1
2112,1
2112,1
2113,1
2113,1
2114,2
2114,2
2115,1
2115,1
2116,0
2116,0
2117,1
2117,1
2118,1
2118,1
2119,2
2119,1
2120,2
2120,1
2121,3
2121,1
2122,1
2122,1
2123,1
2123,1
2124,3
2124,3
2125,2
2125,3
2126,2
2126,2
2127,1
2127,1
2128,1
2128,1
2129,3
2129,2
2130,1
2130,1
2131,2
2131,2
2132,1
2132,2
2133,1
2133,1
2134,1
2134,1
2135,1
2135,1
2136,1
2136,1
2137,1
2137,1
2138,1
2138,1
2139,1
2139,1
2140,3
2140,3
2141,1
2141,1
2142,1
2142,1
2143,1
2143,1
2144,1
2144,1
2145,2
2145,3
2146,1
2146,1
2147,1
2147,1
2148,2
2148,1
2149,1
2149,1
2150,1
2150,1
2151,1
2151,1
2152,1
2152,1
2153,2
2153,3
2154,1
2154,1
2155,1
2155,1
2156,2
2156,2
2157,1
2157,1
2158,1
2158,1
2159,1
2159,1
2160,1
2160,1
2161,1
2161,1
2162,1
2162,1
2163,1
2163,1
2164,0
2164,3
2165,2
2165,1
2166,1
2166,2
2167,2
2167,2
2168,3
2168,3
2169,1
2169,1
2170,1
2170,1
2171,1
2171,1
2172,0
2172,3
2173,3
2173,3
2174,1
2174,1
2175,1
2175,2
2176,1
2176,1
2177,3
2177,3
2178,1
2178,1
2179,1
2179,1
2180,0
2180,0
2181,4
2181,4
2182,1
2182,1
2183,1
2183,1
2184,1
2184,1
2185,3
2185,3
2186,2
2186,0
2187,1
2187,1
2188,3
2188,3
2189,1
2189,1
2190,1
2190,1
2191,1
2191,1
2192,1
2192,2
2193,1
2193,1
2194,2
2194,1
2195,2
2195,3
2196,1
2196,1
2197,1
2197,1
2198,1
2198,1
2199,1
2199,1
2200,2
2200,2
2201,1
2201,1
2202,1
2202,1
2203,0
2203,3
2204,1
2204,1
2205,3
2205,3
2206,1
2206,1
2207,1
2207,1
2208,3
2208,1
2209,1
2209,1
2210,1
2210,1
2211,3
2211,3
2212,1
2212,1
2213,1
2213,1
2214,1
2214,1
2215,1
2215,2
2216,1
2216,1
2217,1
2217,1
2218,1
2218,1
2219,1
2219,1
2220,1
2220,1
2221,2
2221,1
2222,1
2222,1
2223,3
2223,0
2224,1
2224,1
2225,3
2225,0
2226,1
2226,1
2227,1
2227,1
2228,1
2228,1
2229,1
2229,1
2230,1
2230,1
2231,3
2231,3
2232,2
2232,3
2233,1
2233,1
2234,1
2234,1
2235,1
2235,1
2236,1
2236,1
2237,3
2237,3
2238,1
2238,1
2239,1
2239,2
2240,2
2240,1
2241,1
2241,1
2242,2
2242,3
2243,1
2243,1
2244,2
2244,3
2245,1
2245,1
2246,1
2246,1
2247,3
2247,3
2248,1
2248,1
2249,1
2249,1
2250,1
2250,1
2251,3
2251,2
2252,1
2252,1
2253,1
2253,1
2254,1
2254,1
2255,3
2255,1
2256,1
2256,1
2257,1
2257,1
2258,3
2258,0
2259,3
2259,1
2260,1
2260,1
2261,2
2261,1
2262,2
2262,1
2263,2
2263,3
2264,2
2264,3
2265,2
2265,0
2266,1
2266,1
2267,1
2267,1
2268,1
2268,1
2269,1
2269,1
2270,1
2270,1
2271,3
2271,3
2272,1
2272,1
2273,1
2273,1
2274,1
2274,1
2275,1
2275,1
2276,1
2276,1
2277,1
2277,1
2278,1
2278,1
2279,3
2279,3
2280,1
2280,1
2281,1
2281,1
2282,2
2282,2
2283,1
2283,1
2284,1
2284,1
2285,1
2285,1
2286,1
2286,1
2287,1
2287,1
2288,3
2288,3
2289,1
2289,1
2290,1
2290,1
2291,1
2291,1
2292,1
2292,1
2293,3
2293,3
2294,1
2294,1
2295,1
2295,1
2296,1
2296,1
2297,1
2297,1
2298,1
2298,1
2299,1
2299,2
2300,1
2300,1
2301,1
2301,1
2302,2
2302,1
2303,2
2303,3
2304,0
2304,4
2305,1
2305,1
2306,1
2306,1
2307,1
2307,1
2308,1
2308,1
2309,1
2309,1
2310,1
2310,1
2311,1
2311,1
2312,1
2312,1
2313,1
2313,1
2314,1
2314,1
2315,1
2315,1
2316,1
2316,1
2317,1
2317,1
2318,1
2318,1
2319,1
2319,1
2320,1
2320,1
2321,1
2321,1
2322,1
2322,1
2323,3
2323,2
2324,1
2324,1
2325,1
2325,1
2326,1
2326,1
2327,1
2327,1
2328,1
2328,1
2329,1
2329,1
2330,1
2330,2
2331,1
2331,1
2332,1
2332,1
2333,1
2333,1
2334,3
2334,3
2335,1
2335,1
2336,1
2336,1
2337,1
2337,1
2338,2
2338,3
2339,1
2339,1
2340,3
2340,3
2341,1
2341,1
2342,1
2342,1
2343,1
2343,1
2344,2
2344,1
2345,1
2345,1
2346,1
2346,1
2347,1
2347,1
2348,2
2348,3
2349,1
2349,1
2350,1
2350,1
2351,1
2351,1
2352,1
2352,1
2353,3
2353,1
2354,1
2354,1
2355,1
2355,1
2356,1
2356,1
2357,1
2357,1
2358,1
2358,1
2359,1
2359,1
2360,1
2360,1
2361,1
2361,1
2362,1
2362,1
2363,1
2363,1
2364,1
2364,1
2365,1
2365,1
2366,1
2366,1
2367,1
2367,1
2368,1
2368,1
2369,1
2369,1
2370,1
2370,1
2371,1
2371,1
2372,1
2372,1
2373,1
2373,1
2374,1
2374,2
2375,1
2375,1
2376,3
2376,3
2377,1
2377,1
2378,1
2378,2
2379,1
2379,1
2380,3
2380,3
2381,1
2381,1
2382,1
2382,1
2383,0
2383,3
2384,1
2384,1
2385,1
2385,1
2386,1
2386,1
2387,1
2387,1
2388,1
2388,1
2389,3
2389,3
2390,1
2390,1
2391,1
2391,1
2392,1
2392,1
2393,1
2393,1
2394,1
2394,1
2395,3
2395,3
2396,1
2396,1
2397,1
2397,1
2398,1
2398,1
2399,1
2399,1
2400,1
2400,1
2401,1
2401,1
2402,2
2402,3
2403,2
2403,2
2404,1
2404,1
2405,1
2405,1
2406,1
2406,1
2407,1
2407,3
2408,1
2408,1
2409,1
2409,1
2410,1
2410,1
2411,2
2411,3
2412,1
2412,1
2413,1
2413,1
2414,3
2414,1
2415,1
2415,1
2416,1
2416,1
2417,1
2417,1
2418,1
2418,1
2419,3
2419,3
2420,1
2420,1
2421,1
2421,1
2422,1
2422,1
2423,1
2423,1
2424,2
2424,2
2425,1
2425,1
2426,1
2426,1
2427,1
2427,1
2428,1
2428,1
2429,1
2429,1
2430,1
2430,1
2431,1
2431,1
2432,1
2432,1
2433,1
2433,1
2434,1
2434,1
2435,1
2435,1
2436,3
2436,3
2437,1
2437,1
2438,1
2438,1
2439,1
2439,1
2440,1
2440,1
2441,1
2441,1
2442,1
2442,1
2443,1
2443,1
2444,1
2444,1
2445,2
2445,0
2446,3
2446,3
2447,1
2447,1
2448,1
2448,1
2449,1
2449,1
2450,1
2450,1
2451,1
2451,1
2452,1
2452,1
2453,0
2453,3
2454,2
2454,3
2455,2
2455,2
2456,2
2456,3
2457,2
2457,2
2458,1
2458,2
2459,1
2459,1
2460,1
2460,1
2461,1
2461,1
2462,2
2462,3
2463,1
2463,1
2464,1
2464,1
2465,3
2465,3
2466,3
2466,2
2467,1
2467,1
2468,1
2468,1
2469,1
2469,1
2470,1
2470,1
2471,1
2471,1
2472,3
2472,3
2473,1
2473,1
2474,1
2474,1
2475,1
2475,1
2476,1
2476,1
2477,1
2477,1
2478,3
2478,3
2479,1
2479,1
2480,1
2480,1
2481,1
2481,1
2482,1
2482,1
2483,1
2483,1
2484,3
2484,3
2485,1
2485,1
2486,1
2486,1
2487,1
2487,1
2488,1
2488,1
2489,3
2489,3
2490,1
2490,1
2491,1
2491,1
2492,1
2492,1
2493,1
2493,1
2494,1
2494,1
2495,1
2495,1
2496,3
2496,3
2497,1
2497,1
2498,3
2498,1
2499,1
2499,1
2500,1
2500,1
2501,1
2501,1
2502,1
2502,1
2503,2
2503,1
2504,2
2504,3
2505,1
2505,1
2506,3
2506,3
2507,4
2507,3
2508,1
2508,1
2509,1
2509,1
2510,1
2510,1
2511,1
2511,1
2512,1
2512,1
2513,1
2513,1
2514,1
2514,1
2515,1
2515,1
2516,1
2516,1
2517,1
2517,1
2518,1
2518,1
2519,1
2519,1
2520,1
2520,1
2521,1
2521,1
2522,1
2522,1
2523,1
2523,3
2524,1
2524,1
2525,1
2525,1
2526,3
2526,2
2527,1
2527,1
2528,1
2528,1
2529,4
2529,0
2530,1
2530,1
2531,1
2531,1
2532,1
2532,1
2533,1
2533,1
2534,1
2534,1
2535,1
2535,1
2536,1
2536,1
2537,3
2537,3
2538,1
2538,1
2539,1
2539,1
2540,1
2540,2
2541,1
2541,1
2542,1
2542,1
2543,1
2543,1
2544,4
2544,4
2545,1
2545,1
2546,1
2546,1
2547,3
2547,1
2548,1
2548,1
2549,1
2549,1
2550,1
2550,1
2551,1
2551,1
2552,1
2552,1
2553,1
2553,1
2554,1
2554,1
2555,3
2555,1
2556,1
2556,1
2557,1
2557,1
2558,1
2558,1
2559,1
2559,2
2560,1
2560,1
2561,1
2561,1
2562,3
2562,2
2563,1
2563,1
2564,1
2564,1
2565,3
2565,2
2566,2
2566,3
2567,2
2567,3
2568,1
2568,1
2569,1
2569,1
2570,1
2570,1
2571,1
2571,1
2572,1
2572,1
2573,1
2573,1
2574,1
2574,1
2575,1
2575,2
2576,2
2576,0
2577,1
2577,1
2578,1
2578,1
2579,1
2579,1
2580,1
2580,1
2581,3
2581,3
2582,1
2582,1
2583,2
2583,3
2584,1
2584,1
2585,1
2585,1
2586,1
2586,1
2587,1
2587,1
2588,1
2588,1
2589,3
2589,1
2590,2
2590,2
2591,1
2591,1
2592,3
2592,3
2593,3
2593,1
2594,1
2594,1
2595,2
2595,1
2596,1
2596,1
2597,1
2597,1
2598,1
2598,1
2599,2
2599,3
2600,1
2600,1
2601,1
2601,1
2602,1
2602,1
2603,1
2603,1
2604,1
2604,1
2605,3
2605,3
2606,1
2606,1
2607,1
2607,1
2608,1
2608,1
2609,3
2609,1
2610,1
2610,1
2611,3
2611,3
2612,1
2612,1
2613,1
2613,1
2614,1
2614,1
2615,1
2615,1
2616,1
2616,1
2617,1
2617,1
2618,1
2618,1
2619,1
2619,1
2620,2
2620,2
2621,2
2621,2
2622,1
2622,1
2623,1
2623,1
2624,3
2624,3
2625,1
2625,1
2626,1
2626,1
2627,3
2627,3
2628,3
2628,1
2629,2
2629,3
2630,1
2630,1
2631,1
2631,1
2632,1
2632,1
2633,1
2633,1
2634,3
2634,1
2635,1
2635,1
2636,1
2636,1
2637,1
2637,1
2638,0
2638,0
2639,1
2639,1
2640,1
2640,1
2641,3
2641,3
2642,1
2642,1
2643,3
2643,3
2644,1
2644,1
2645,3
2645,3
2646,1
2646,1
2647,1
2647,1
2648,1
2648,1
2649,1
2649,2
2650,1
2650,1
2651,1
2651,2
2652,1
2652,1
2653,1
2653,1
2654,1
2654,1
2655,1
2655,1
2656,1
2656,1
2657,1
2657,1
2658,1
2658,1
2659,1
2659,3
2660,1
2660,1
2661,1
2661,1
2662,1
2662,1
2663,1
2663,1
2664,2
2664,3
2665,4
2665,0
2666,1
2666,1
2667,1
2667,1
2668,2
2668,1
2669,1
2669,1
2670,3
2670,3
2671,1
2671,1
2672,1
2672,1
2673,1
2673,1
2674,1
2674,1
2675,1
2675,1
2676,1
2676,3
2677,1
2677,1
2678,1
2678,1
2679,3
2679,3
2680,1
2680,3
2681,3
2681,1
2682,2
2682,3
2683,3
2683,2
2684,3
2684,3
2685,1
2685,1
2686,1
2686,1
2687,1
2687,1
2688,1
2688,1
2689,1
2689,1
2690,1
2690,1
2691,3
2691,2
2692,1
2692,1
2693,1
2693,1
2694,1
2694,1
2695,1
2695,1
2696,1
2696,1
2697,1
2697,1
2698,1
2698,1
2699,1
2699,1
2700,3
2700,3
2701,1
2701,1
2702,1
2702,1
2703,3
2703,1
2704,1
2704,1
2705,1
2705,1
2706,1
2706,1
2707,1
2707,1
2708,1
2708,1
2709,1
2709,1
2710,1
2710,1
2711,1
2711,1
2712,1
2712,1
2713,1
2713,1
2714,1
2714,1
2715,1
2715,1
2716,1
2716,1
2717,1
2717,1
2718,1
2718,1
2719,1
2719,1
2720,1
2720,1
2721,1
2721,1
2722,1
2722,1
2723,1
2723,1
2724,1
2724,3
2725,1
2725,1
2726,1
2726,1
2727,1
2727,1
2728,1
2728,1
2729,1
2729,1
2730,1
2730,1
2731,3
2731,3
2732,1
2732,1
2733,1
2733,1
2734,1
2734,1
2735,1
2735,1
2736,1
2736,1
2737,3
2737,3
2738,1
2738,1
2739,1
2739,1
2740,2
2740,2
2741,1
2741,1
2742,1
2742,2
2743,3
2743,2
2744,1
2744,1
2745,2
2745,1
2746,1
2746,1
2747,1
2747,1
2748,2
2748,2
2749,1
2749,1
2750,1
2750,1
2751,1
2751,1
2752,3
2752,3
2753,3
2753,3
2754,1
2754,1
2755,1
2755,1
2756,2
2756,3
2757,1
2757,1
2758,1
2758,1
2759,1
2759,1
2760,1
2760,1
2761,0
2761,0
2762,1
2762,1
2763,1
2763,1
2764,3
2764,3
2765,1
2765,2
2766,1
2766,1
2767,1
2767,1
2768,1
2768,1
2769,3
2769,1
2770,1
2770,1
2771,2
2771,0
2772,1
2772,2
2773,1
2773,1
2774,3
2774,2
2775,1
2775,1
2776,3
2776,3
2777,0
2777,0
2778,1
2778,1
2779,1
2779,3
2780,1
2780,1
2781,3
2781,3
2782,1
2782,1
2783,1
2783,1
2784,1
2784,1
2785,1
2785,1
2786,3
2786,3
2787,1
2787,1
2788,1
2788,1
2789,2
2789,1
2790,1
2790,2
2791,1
2791,1
2792,2
2792,1
2793,4
2793,0
2794,1
2794,1
2795,2
2795,1
2796,3
2796,2
2797,1
2797,1
2798,1
2798,1
2799,1
2799,1
2800,1
2800,1
2801,1
2801,1
2802,1
2802,1
2803,1
2803,1
2804,2
2804,2
2805,1
2805,1
2806,1
2806,1
2807,3
2807,3
2808,2
2808,2
2809,1
2809,1
2810,3
2810,0
2811,1
2811,1
2812,1
2812,1
2813,1
2813,1
2814,1
2814,1
2815,1
2815,1
2816,1
2816,1
2817,1
2817,1
2818,3
2818,2
2819,1
2819,1
2820,4
2820,4
2821,1
2821,1
2822,1
2822,1
2823,1
2823,1
2824,2
2824,1
2825,1
2825,3
2826,3
2826,3
2827,1
2827,1
2828,1
2828,1
2829,1
2829,1
2830,1
2830,1
2831,1
2831,1
2832,1
2832,1
2833,1
2833,1
2834,1
2834,1
2835,1
2835,1
2836,1
2836,1
2837,2
2837,3
2838,1
2838,1
2839,1
2839,1
2840,3
2840,2
2841,3
2841,3
2842,1
2842,1
2843,1
2843,1
2844,1
2844,1
2845,1
2845,1
2846,1
2846,1
2847,2
2847,2
2848,2
2848,3
2849,1
2849,1
2850,1
2850,1
2851,1
2851,1
2852,1
2852,2
2853,1
2853,1
2854,3
2854,3
2855,1
2855,1
2856,1
2856,1
2857,0
2857,4
2858,1
2858,1
2859,1
2859,1
2860,3
2860,3
2861,1
2861,1
2862,1
2862,1
2863,1
2863,1
2864,1
2864,1
2865,1
2865,1
2866,3
2866,3
2867,1
2867,1
2868,2
2868,1
2869,1
2869,1
2870,1
2870,1
2871,1
2871,1
2872,3
2872,3
2873,3
2873,3
2874,1
2874,1
2875,1
2875,1
2876,2
2876,2
2877,1
2877,1
2878,4
2878,0
2879,1
2879,1
2880,2
2880,3
2881,1
2881,1
2882,1
2882,1
2883,1
2883,1
2884,1
2884,1
2885,1
2885,1
2886,1
2886,1
2887,0
2887,3
2888,3
2888,2
2889,1
2889,3
2890,1
2890,2
2891,1
2891,1
2892,1
2892,1
2893,1
2893,1
2894,1
2894,2
2895,3
2895,3
2896,3
2896,2
2897,2
2897,1
2898,1
2898,1
2899,3
2899,2
2900,2
2900,3
2901,3
2901,3
2902,1
2902,1
2903,1
2903,2
2904,1
2904,1
2905,1
2905,1
2906,1
2906,1
2907,0
2907,4
2908,1
2908,1
2909,4
2909,4
2910,1
2910,1
2911,1
2911,1
2912,1
2912,1
2913,3
2913,3
2914,1
2914,1
2915,1
2915,1
2916,1
2916,1
2917,1
2917,1
2918,3
2918,2
2919,2
2919,2
2920,1
2920,1
2921,2
2921,2
2922,1
2922,1
2923,1
2923,1
2924,1
2924,1
2925,1
2925,1
2926,3
2926,3
2927,1
2927,1
2928,2
2928,3
2929,2
2929,3
2930,1
2930,1
2931,1
2931,2
2932,1
2932,1
2933,1
2933,1
2934,0
2934,3
2935,2
2935,2
2936,1
2936,1
2937,1
2937,1
2938,2
2938,3
2939,3
2939,1
2940,1
2940,1
2941,2
2941,3
2942,1
2942,1
2943,1
2943,2
2944,1
2944,1
2945,1
2945,1
2946,3
2946,0
2947,1
2947,1
2948,1
2948,1
2949,1
2949,1
2950,1
2950,1
2951,1
2951,1
2952,1
2952,1
2953,1
2953,1
2954,1
2954,1
2955,2
2955,1
2956,1
2956,1
2957,1
2957,1
2958,1
2958,1
2959,1
2959,1
2960,1
2960,1
2961,1
2961,1
2962,4
2962,4
2963,1
2963,1
2964,1
2964,1
2965,1
2965,1
2966,3
2966,1
2967,4
2967,3
2968,1
2968,1
2969,2
2969,1
2970,1
2970,1
2971,1
2971,1
2972,1
2972,1
2973,1
2973,1
2974,1
2974,1
2975,1
2975,1
2976,1
2976,1
2977,1
2977,1
2978,3
2978,1
2979,1
2979,1
2980,1
2980,1
2981,1
2981,1
2982,1
2982,1
2983,1
2983,1
2984,1
2984,1
2985,2
2985,2
2986,3
2986,3
2987,1
2987,1
2988,1
2988,1
2989,1
2989,2
2990,3
2990,3
2991,1
2991,1
2992,1
2992,1
2993,1
2993,1
2994,3
2994,0
2995,2
2995,0
2996,0
2996,0
2997,1
2997,1
2998,1
2998,1
2999,1
2999,1
3000,1
3000,1
3001,3
3001,2
3002,1
3002,1
3003,1
3003,1
3004,1
3004,1
3005,1
3005,2
3006,1
3006,1
3007,2
3007,3
3008,1
3008,1
3009,1
3009,1
3010,2
3010,2
3011,1
3011,1
3012,2
3012,2
3013,3
3013,3
3014,1
3014,1
3015,1
3015,1
3016,1
3016,1
3017,3
3017,3
3018,0
3018,0
3019,1
3019,1
3020,1
3020,3
3021,1
3021,1
3022,1
3022,2
3023,1
3023,1
3024,2
3024,2
3025,1
3025,3
3026,3
3026,3
3027,1
3027,1
3028,2
3028,1
3029,0
3029,0
3030,1
3030,1
3031,3
3031,0
3032,0
3032,4
3033,1
3033,1
3034,1
3034,1
3035,1
3035,1
3036,1
3036,1
3037,1
3037,1
3038,2
3038,1
3039,1
3039,1
3040,1
3040,1
3041,1
3041,1
3042,1
3042,1
3043,1
3043,1
3044,3
3044,2
3045,2
3045,3
3046,1
3046,1
3047,1
3047,1
3048,1
3048,1
3049,1
3049,1
3050,1
3050,1
3051,2
3051,2
3052,1
3052,1
3053,1
3053,1
3054,3
3054,3
3055,2
3055,2
3056,2
3056,2
3057,1
3057,1
3058,1
3058,1
3059,1
3059,1
3060,1
3060,1
3061,1
3061,1
3062,1
3062,1
3063,1
3063,1
3064,1
3064,1
3065,3
3065,3
3066,1
3066,1
3067,0
3067,4
3068,1
3068,1
3069,2
3069,2
3070,1
3070,1
3071,1
3071,1
3072,1
3072,1
3073,1
3073,1
3074,1
3074,1
3075,3
3075,3
3076,1
3076,1
3077,2
3077,1
3078,1
3078,1
3079,1
3079,1
3080,3
3080,3
3081,0
3081,3
3082,3
3082,3
3083,1
3083,1
3084,1
3084,1
3085,1
3085,2
3086,1
3086,1
3087,2
3087,3
3088,1
3088,1
3089,1
3089,1
3090,1
3090,1
3091,1
3091,1
3092,1
3092,1
3093,1
3093,1
3094,1
3094,1
3095,1
3095,1
3096,2
3096,3
3097,1
3097,1
3098,1
3098,1
3099,2
3099,2
3100,1
3100,1
3101,2
3101,2
3102,1
3102,1
3103,1
3103,1
3104,1
3104,1
3105,2
3105,1
3106,1
3106,1
3107,1
3107,1
3108,3
3108,3
3109,1
3109,1
3110,2
3110,3
3111,1
3111,1
3112,1
3112,3
3113,1
3113,1
3114,1
3114,1
3115,1
3115,1
3116,1
3116,1
3117,1
3117,1
3118,4
3118,0
3119,1
3119,1
3120,1
3120,1
3121,2
3121,2
3122,1
3122,1
3123,1
3123,2
3124,1
3124,1
3125,3
3125,3
3126,1
3126,1
3127,1
3127,1
3128,3
3128,3
3129,3
3129,2
3130,1
3130,1
3131,1
3131,1
3132,1
3132,1
3133,1
3133,1
3134,1
3134,2
3135,1
3135,1
3136,1
3136,1
3137,1
3137,1
3138,1
3138,3
3139,1
3139,1
3140,2
3140,3
3141,1
3141,1
3142,1
3142,1
3143,1
3143,1
3144,1
3144,1
3145,1
3145,1
3146,1
3146,1
3147,1
3147,2
3148,1
3148,1
3149,1
3149,1
3150,1
3150,1
3151,1
3151,1
3152,1
3152,1
3153,1
3153,1
3154,1
3154,1
3155,1
3155,1
3156,1
3156,1
3157,1
3157,2
3158,2
3158,3
3159,3
3159,3
3160,1
3160,1
3161,1
3161,1
3162,1
3162,1
3163,0
3163,4
3164,1
3164,1
3165,1
3165,1
3166,1
3166,1
3167,2
3167,3
3168,1
3168,1
3169,2
3169,2
3170,1
3170,1
3171,3
3171,1
3172,1
3172,1
3173,2
3173,1
3174,1
3174,1
3175,1
3175,1
3176,1
3176,1
3177,1
3177,1
3178,2
3178,2
3179,1
3179,1
3180,3
3180,3
3181,1
3181,1
3182,3
3182,0
3183,1
3183,1
3184,1
3184,1
3185,1
3185,1
3186,1
3186,1
3187,1
3187,1
3188,1
3188,1
3189,0
3189,0
3190,1
3190,1
3191,0
3191,3
3192,1
3192,2
3193,1
3193,2
3194,1
3194,1
3195,1
3195,1
3196,3
3196,2
3197,3
3197,3
3198,1
3198,1
3199,1
3199,1
3200,1
3200,1
3201,3
3201,3
3202,1
3202,1
3203,1
3203,1
3204,1
3204,1
3205,3
3205,2
3206,1
3206,1
3207,1
3207,1
3208,3
3208,2
3209,2
3209,0
3210,3
3210,1
3211,1
3211,1
3212,1
3212,1
3213,1
3213,1
3214,1
3214,1
3215,1
3215,1
3216,2
3216,3
3217,3
3217,3
3218,1
3218,1
3219,1
3219,1
3220,1
3220,1
3221,1
3221,1
3222,1
3222,1
3223,1
3223,1
3224,4
3224,4
3225,1
3225,1
3226,1
3226,1
3227,3
3227,1
3228,1
3228,1
3229,1
3229,1
3230,2
3230,1
3231,1
3231,2
3232,1
3232,1
3233,1
3233,3
3234,1
3234,1
3235,1
3235,1
3236,1
3236,1
3237,1
3237,1
3238,1
3238,1
3239,1
3239,1
3240,1
3240,1
3241,1
3241,1
3242,2
3242,2
3243,3
3243,2
3244,1
3244,1
3245,1
3245,1
3246,1
3246,1
3247,1
3247,1
3248,1
3248,1
3249,1
3249,1
3250,1
3250,1
3251,1
3251,1
3252,1
3252,1
3253,1
3253,1
3254,1
3254,1
3255,1
3255,1
3256,1
3256,1
3257,1
3257,1
3258,1
3258,1
3259,3
3259,3
3260,3
3260,3
3261,3
3261,0
3262,1
3262,1
3263,1
3263,1
3264,1
3264,1
3265,0
3265,4
3266,1
3266,1
3267,1
3267,1
3268,1
3268,1
3269,1
3269,1
3270,1
3270,1
3271,3
3271,3
3272,4
3272,0
3273,1
3273,1
3274,2
3274,2
3275,1
3275,1
3276,1
3276,1
3277,1
3277,1
3278,1
3278,1
3279,1
3279,1
3280,3
3280,0
3281,2
3281,1
3282,1
3282,1
3283,2
3283,2
3284,1
3284,1
3285,3
3285,0
3286,1
3286,1
3287,1
3287,1
3288,1
3288,1
3289,1
3289,1
3290,1
3290,1
3291,1
3291,1
3292,4
3292,4
3293,1
3293,1
3294,1
3294,1
3295,1
3295,1
3296,1
3296,1
3297,1
3297,1
3298,1
3298,1
3299,2
3299,3
3300,3
3300,3
3301,3
3301,3
3302,1
3302,1
3303,1
3303,1
3304,1
3304,3
3305,1
3305,1
3306,1
3306,1
3307,1
3307,1
3308,0
3308,0
3309,2
3309,3
3310,1
3310,1
3311,0
3311,0
3312,0
3312,0
3313,3
3313,0
3314,3
3314,3
3315,1
3315,1
3316,1
3316,1
3317,1
3317,2
3318,1
3318,1
3319,1
3319,1
3320,0
3320,0
3321,1
3321,1
3322,1
3322,1
3323,1
3323,1
3324,1
3324,1
3325,1
3325,1
3326,1
3326,1
3327,2
3327,3
3328,3
3328,3
3329,1
3329,1
3330,1
3330,1
3331,1
3331,1
3332,1
3332,1
3333,1
3333,2
3334,1
3334,1
3335,1
3335,1
3336,0
3336,3
3337,1
3337,1
3338,1
3338,1
3339,1
3339,1
3340,1
3340,1
3341,1
3341,1
3342,1
3342,1
3343,1
3343,1
3344,1
3344,1
3345,1
3345,1
3346,3
3346,3
3347,1
3347,1
3348,1
3348,1
3349,1
3349,1
3350,1
3350,1
3351,1
3351,1
3352,1
3352,1
3353,2
3353,2
3354,1
3354,1
3355,1
3355,1
3356,3
3356,3
3357,1
3357,1
3358,3
3358,2
3359,1
3359,1
3360,1
3360,1
3361,2
3361,3
3362,1
3362,1
3363,3
3363,1
3364,1
3364,1
3365,2
3365,3
3366,1
3366,1
3367,3
3367,3
3368,1
3368,1
3369,1
3369,1
3370,2
3370,3
3371,3
3371,3
3372,1
3372,1
3373,1
3373,1
3374,1
3374,1
3375,1
3375,1
3376,1
3376,1
3377,2
3377,2
3378,2
3378,1
3379,1
3379,1
3380,3
3380,3
3381,1
3381,1
3382,1
3382,1
3383,1
3383,1
3384,1
3384,1
3385,1
3385,1
3386,1
3386,1
3387,1
3387,1
3388,1
3388,1
3389,3
3389,0
3390,1
3390,3
3391,4
3391,4
3392,1
3392,1
3393,3
3393,3
3394,3
3394,3
3395,1
3395,1
3396,1
3396,1
3397,1
3397,1
3398,1
3398,1
3399,2
3399,1
3400,2
3400,2
3401,0
3401,0
3402,3
3402,3
3403,1
3403,2
3404,1
3404,1
3405,1
3405,1
3406,1
3406,1
3407,1
3407,1
3408,1
3408,1
3409,1
3409,1
3410,4
3410,3
3411,2
3411,2
3412,3
3412,2
3413,1
3413,1
3414,2
3414,0
3415,1
3415,1
3416,2
3416,0
3417,1
3417,1
3418,1
3418,3
3419,1
3419,2
3420,1
3420,3
3421,1
3421,1
3422,2
3422,3
3423,2
3423,3
3424,1
3424,1
3425,3
3425,3
3426,1
3426,1
3427,1
3427,1
3428,1
3428,1
3429,1
3429,1
3430,3
3430,3
3431,1
3431,1
3432,1
3432,1
3433,1
3433,1
3434,2
3434,1
3435,1
3435,1
3436,1
3436,3
3437,1
3437,1
3438,1
3438,1
3439,1
3439,1
3440,1
3440,1
3441,2
3441,3
3442,2
3442,1
3443,1
3443,1
3444,1
3444,1
3445,2
3445,1
3446,1
3446,1
3447,1
3447,1
3448,1
3448,1
3449,1
3449,1
3450,1
3450,1
3451,1
3451,1
3452,1
3452,1
3453,3
3453,3
3454,3
3454,2
3455,1
3455,1
3456,1
3456,1
3457,1
3457,1
3458,1
3458,1
3459,1
3459,1
3460,1
3460,1
3461,1
3461,1
3462,0
3462,3
3463,1
3463,1
3464,3
3464,3
3465,1
3465,1
3466,1
3466,1
3467,1
3467,1
3468,1
3468,1
3469,0
3469,3
3470,1
3470,1
3471,0
3471,0
3472,1
3472,1
3473,1
3473,1
3474,1
3474,3
3475,3
3475,3
3476,4
3476,4
3477,1
3477,3
3478,1
3478,1
3479,1
3479,1
3480,1
3480,1
3481,1
3481,1
3482,1
3482,1
3483,3
3483,0
3484,2
3484,1
3485,1
3485,1
3486,3
3486,1
3487,3
3487,3
3488,1
3488,1
3489,1
3489,1
3490,3
3490,3
3491,0
3491,0
3492,1
3492,1
3493,2
3493,3
3494,1
3494,1
3495,1
3495,1
3496,1
3496,1
3497,1
3497,1
3498,1
3498,1
3499,0
3499,0
3500,1
3500,1
3501,1
3501,3
3502,1
3502,1
3503,2
3503,3
3504,1
3504,1
3505,1
3505,1
3506,1
3506,1
3507,4
3507,4
3508,1
3508,1
3509,0
3509,2
3510,1
3510,1
3511,2
3511,3
3512,0
3512,3
3513,2
3513,3
3514,1
3514,1
3515,1
3515,1
3516,2
3516,2
3517,1
3517,1
3518,3
3518,3
3519,3
3519,0
3520,3
3520,3
3521,3
3521,3
3522,1
3522,1
3523,1
3523,1
3524,1
3524,1
3525,1
3525,1
3526,0
3526,4
3527,1
3527,1
3528,1
3528,1
3529,3
3529,2
3530,1
3530,1
3531,1
3531,1
3532,1
3532,1
3533,1
3533,1
3534,1
3534,1
3535,1
3535,1
3536,1
3536,3
3537,1
3537,1
3538,1
3538,1
3539,4
3539,4
3540,2
3540,1
3541,1
3541,1
3542,1
3542,1
3543,1
3543,1
3544,1
3544,1
3545,1
3545,1
3546,3
3546,3
3547,3
3547,3
3548,1
3548,1
3549,1
3549,1
3550,3
3550,2
3551,1
3551,1
3552,1
3552,1
3553,1
3553,1
3554,1
3554,1
3555,2
3555,2
3556,1
3556,1
3557,3
3557,2
3558,0
3558,3
3559,1
3559,1
3560,1
3560,1
3561,1
3561,3
3562,0
3562,0
3563,1
3563,1
3564,1
3564,2
3565,2
3565,2
3566,1
3566,1
3567,1
3567,1
3568,1
3568,2
3569,3
3569,3
3570,1
3570,1
3571,1
3571,1
3572,1
3572,1
3573,1
3573,1
3574,1
3574,1
3575,1
3575,1
3576,0
3576,0
3577,1
3577,1
3578,2
3578,3
3579,2
3579,0
3580,1
3580,1
3581,1
3581,1
3582,1
3582,1
3583,1
3583,1
3584,1
3584,1
3585,3
3585,1
3586,3
3586,1
3587,1
3587,1
3588,2
3588,3
3589,0
3589,0
3590,3
3590,3
3591,1
3591,2
3592,3
3592,3
3593,1
3593,1
3594,1
3594,1
3595,1
3595,1
3596,1
3596,1
3597,1
3597,1
3598,1
3598,1
3599,2
3599,2
3600,3
3600,3
3601,1
3601,3
3602,1
3602,1
3603,3
3603,2
3604,1
3604,1
3605,1
3605,1
3606,1
3606,1
3607,3
3607,2
3608,1
3608,1
3609,1
3609,1
3610,0
3610,4
3611,2
3611,1
3612,2
3612,3
3613,1
3613,1
3614,1
3614,2
3615,3
3615,3
3616,1
3616,1
3617,1
3617,1
3618,4
3618,4
3619,1
3619,1
3620,3
3620,0
3621,2
3621,3
3622,3
3622,3
3623,1
3623,1
3624,2
3624,2
3625,1
3625,2
3626,0
3626,0
3627,1
3627,1
3628,1
3628,1
3629,1
3629,1
3630,2
3630,1
3631,1
3631,1
3632,1
3632,1
3633,1
3633,1
3634,1
3634,1
3635,3
3635,3
3636,1
3636,1
3637,1
3637,1
3638,1
3638,2
3639,1
3639,1
3640,1
3640,1
3641,3
3641,3
3642,1
3642,1
3643,2
3643,2
3644,1
3644,1
3645,1
3645,1
3646,2
3646,1
3647,1
3647,1
3648,0
3648,0
3649,1
3649,1
3650,0
3650,0
3651,3
3651,2
3652,2
3652,2
3653,2
3653,1
3654,2
3654,2
3655,1
3655,1
3656,1
3656,1
3657,1
3657,1
3658,2
3658,3
3659,1
3659,1
3660,1
3660,1
3661,1
3661,1
3662,1
3662,1
3663,1
3663,1
3664,1
3664,1
3665,2
3665,2
3666,1
3666,1
3667,1
3667,1
3668,1
3668,1
3669,3
3669,0
3670,1
3670,1
3671,1
3671,1
3672,1
3672,1
3673,3
3673,1
3674,1
3674,1
3675,0
3675,4
3676,1
3676,1
3677,1
3677,1
3678,2
3678,2
3679,2
3679,3
3680,1
3680,1
3681,0
3681,0
3682,1
3682,1
3683,3
3683,3
3684,1
3684,1
3685,3
3685,3
3686,1
3686,1
3687,3
3687,3
3688,3
3688,3
3689,1
3689,2
3690,3
3690,3
3691,2
3691,2
3692,1
3692,1
3693,0
3693,3
3694,1
3694,1
3695,3
3695,2
3696,1
3696,1
3697,1
3697,2
3698,2
3698,1
3699,1
3699,1
3700,1
3700,1
3701,1
3701,1
3702,1
3702,1
3703,1
3703,1
3704,1
3704,3
3705,4
3705,3
3706,1
3706,1
3707,1
3707,1
3708,1
3708,1
3709,3
3709,3
3710,1
3710,1
3711,1
3711,1
3712,2
3712,2
3713,3
3713,3
3714,1
3714,1
3715,2
3715,3
3716,0
3716,0
3717,3
3717,2
3718,3
3718,3
3719,1
3719,1
3720,1
3720,1
3721,1
3721,1
3722,1
3722,1
3723,1
3723,1
3724,3
3724,3
3725,1
3725,1
3726,2
3726,2
3727,3
3727,3
3728,1
3728,1
3729,3
3729,0
3730,1
3730,1
3731,2
3731,2
3732,3
3732,1
3733,1
3733,1
3734,1
3734,1
3735,3
3735,3
3736,2
3736,1
3737,1
3737,2
3738,1
3738,1
3739,1
3739,1
3740,1
3740,1
3741,1
3741,1
3742,1
3742,1
3743,1
3743,1
3744,1
3744,1
3745,1
3745,1
3746,3
3746,2
3747,1
3747,1
3748,1
3748,1
3749,1
3749,1
3750,1
3750,1
3751,3
3751,2
3752,1
3752,1
3753,1
3753,1
3754,3
3754,3
3755,1
3755,1
3756,3
3756,0
3757,1
3757,2
3758,1
3758,1
3759,1
3759,1
3760,2
3760,3
3761,2
3761,3
3762,4
3762,3
3763,2
3763,1
3764,1
3764,1
3765,1
3765,1
3766,1
3766,1
3767,1
3767,1
3768,0
3768,4
3769,3
3769,3
3770,2
3770,3
3771,2
3771,0
3772,1
3772,1
3773,2
3773,3
3774,1
3774,1
3775,1
3775,1
3776,1
3776,1
3777,1
3777,1
3778,0
3778,4
3779,1
3779,1
3780,3
3780,2
3781,1
3781,1
3782,1
3782,1
3783,1
3783,1
3784,1
3784,1
3785,1
3785,1
3786,1
3786,1
3787,1
3787,1
3788,1
3788,1
3789,3
3789,1
3790,1
3790,1
3791,1
3791,1
3792,0
3792,0
3793,1
3793,1
3794,1
3794,1
3795,1
3795,1
3796,1
3796,3
3797,1
3797,1
3798,1
3798,1
3799,2
3799,1
3800,1
3800,1
3801,1
3801,1
3802,1
3802,1
3803,1
3803,1
3804,3
3804,1
3805,1
3805,1
3806,1
3806,1
3807,0
3807,0
3808,0
3808,4
3809,1
3809,1
3810,1
3810,1
3811,1
3811,1
3812,2
3812,1
3813,1
3813,1
3814,1
3814,1
3815,1
3815,1
3816,3
3816,3
3817,1
3817,1
3818,1
3818,1
3819,2
3819,1
3820,1
3820,1
3821,3
3821,3
3822,1
3822,1
3823,3
3823,4
3824,4
3824,4
3825,3
3825,2
3826,1
3826,1
3827,3
3827,2
3828,1
3828,1
3829,3
3829,4
3830,1
3830,1
3831,1
3831,1
3832,1
3832,1
3833,3
3833,2
3834,0
3834,0
3835,1
3835,1
3836,0
3836,0
3837,1
3837,1
3838,1
3838,1
3839,1
3839,1
3840,1
3840,1
3841,4
3841,4
3842,4
3842,4
3843,1
3843,1
3844,1
3844,1
3845,1
3845,1
3846,1
3846,1
3847,0
3847,3
3848,1
3848,1
3849,1
3849,1
3850,3
3850,3
3851,1
3851,1
3852,1
3852,1
3853,2
3853,2
3854,1
3854,1
3855,1
3855,1
3856,1
3856,1
3857,1
3857,1
3858,3
3858,1
3859,2
3859,0
3860,2
3860,3
3861,1
3861,1
3862,1
3862,1
3863,1
3863,1
3864,3
3864,1
3865,1
3865,1
3866,1
3866,1
3867,1
3867,1
3868,2
3868,1
3869,1
3869,1
3870,1
3870,1
3871,1
3871,1
3872,1
3872,1
3873,1
3873,1
3874,2
3874,2
3875,1
3875,1
3876,1
3876,1
3877,1
3877,1
3878,3
3878,0
3879,1
3879,1
3880,1
3880,1
3881,1
3881,1
3882,3
3882,1
3883,1
3883,1
3884,3
3884,0
3885,4
3885,3
3886,1
3886,1
3887,2
3887,3
3888,1
3888,1
3889,1
3889,1
3890,1
3890,1
3891,1
3891,1
3892,0
3892,0
3893,1
3893,1
3894,1
3894,1
3895,1
3895,1
3896,1
3896,2
3897,1
3897,1
3898,1
3898,1
3899,1
3899,1
3900,0
3900,3
3901,1
3901,1
3902,2
3902,2
3903,1
3903,1
3904,1
3904,1
3905,1
3905,1
3906,1
3906,1
3907,1
3907,1
3908,1
3908,1
3909,1
3909,1
3910,2
3910,3
3911,1
3911,1
3912,1
3912,1
3913,1
3913,1
3914,1
3914,1
3915,1
3915,1
3916,2
3916,3
3917,1
3917,1
3918,1
3918,1
3919,1
3919,1
3920,1
3920,1
3921,1
3921,1
3922,1
3922,2
3923,2
3923,2
3924,1
3924,1
3925,1
3925,1
3926,1
3926,1
3927,1
3927,1
3928,1
3928,1
3929,0
3929,0
3930,3
3930,3
3931,3
3931,2
3932,1
3932,1
3933,1
3933,1
3934,0
3934,0
3935,3
3935,1
3936,1
3936,1
3937,1
3937,1
3938,1
3938,1
3939,1
3939,1
3940,0
3940,3
3941,1
3941,1
3942,0
3942,0
3943,1
3943,1
3944,1
3944,1
3945,3
3945,3
3946,3
3946,2
3947,1
3947,2
3948,1
3948,1
3949,1
3949,1
3950,1
3950,1
3951,2
3951,0
3952,1
3952,1
3953,2
3953,2
3954,1
3954,1
3955,1
3955,2
3956,1
3956,1
3957,3
3957,3
3958,1
3958,1
3959,1
3959,1
3960,1
3960,1
3961,2
3961,2
3962,1
3962,1
3963,3
3963,0
3964,1
3964,1
3965,3
3965,2
3966,1
3966,1
3967,3
3967,3
3968,1
3968,1
3969,1
3969,1
3970,2
3970,2
3971,3
3971,3
3972,1
3972,1
3973,1
3973,1
3974,1
3974,1
3975,1
3975,1
3976,1
3976,3
3977,1
3977,1
3978,1
3978,1
3979,1
3979,1
3980,1
3980,1
3981,1
3981,3
3982,1
3982,1
3983,1
3983,1
3984,1
3984,1
3985,3
3985,1
3986,1
3986,1
3987,1
3987,1
3988,1
3988,1
3989,1
3989,1
3990,1
3990,1
3991,1
3991,1
3992,0
3992,0
3993,2
3993,2
3994,2
3994,1
3995,2
3995,2
3996,1
3996,2
3997,0
3997,2
3998,2
3998,2
3999,0
3999,3
4000,1
4000,1
4001,3
4001,3
4002,1
4002,1
4003,1
4003,1
4004,1
4004,2
4005,3
4005,3
4006,2
4006,2
4007,2
4007,0
4008,1
4008,1
4009,2
4009,3
4010,1
4010,1
4011,1
4011,1
4012,1
4012,1
4013,2
4013,3
4014,1
4014,2
4015,1
4015,1
4016,4
4016,3
4017,1
4017,1
4018,2
4018,2
4019,1
4019,1
4020,1
4020,1
4021,4
4021,0
4022,2
4022,3
4023,1
4023,1
4024,1
4024,3
4025,1
4025,1
4026,3
4026,3
4027,1
4027,1
4028,0
4028,3
4029,1
4029,1
4030,1
4030,1
4031,1
4031,1
4032,2
4032,3
4033,0
4033,0
4034,1
4034,1
4035,1
4035,1
4036,1
4036,1
4037,1
4037,1
4038,1
4038,1
4039,1
4039,1
4040,2
4040,1
4041,0
4041,0
4042,2
4042,0
4043,1
4043,1
4044,1
4044,1
4045,1
4045,1
4046,1
4046,1
4047,1
4047,1
4048,0
4048,3
4049,2
4049,0
4050,1
4050,1
4051,1
4051,1
4052,1
4052,1
4053,2
4053,3
4054,4
4054,0
4055,0
4055,3
4056,1
4056,1
4057,1
4057,1
4058,0
4058,3
4059,1
4059,1
4060,2
4060,3
4061,1
4061,1
4062,3
4062,3
4063,1
4063,1
4064,4
4064,0
4065,1
4065,1
4066,1
4066,1
4067,1
4067,1
4068,1
4068,1
4069,1
4069,1
4070,1
4070,2
4071,1
4071,1
4072,3
4072,3
4073,1
4073,1
4074,1
4074,1
4075,1
4075,1
4076,1
4076,1
4077,2
4077,3
4078,3
4078,3
4079,3
4079,3
4080,1
4080,1
4081,1
4081,1
4082,1
4082,1
4083,4
4083,4
4084,1
4084,1
4085,0
4085,0
4086,0
4086,3
4087,1
4087,1
4088,3
4088,0
4089,0
4089,0
4090,1
4090,1
4091,1
4091,1
4092,1
4092,1
4093,1
4093,1
4094,3
4094,3
4095,1
4095,1
4096,2
4096,3
4097,1
4097,1
4098,1
4098,1
4099,1
4099,1
4100,1
4100,1
4101,1
4101,1
4102,1
4102,1
4103,1
4103,1
4104,2
4104,2
4105,1
4105,1
4106,1
4106,1
4107,2
4107,3
4108,1
4108,1
4109,1
4109,1
4110,1
4110,1
4111,1
4111,1
4112,2
4112,3
4113,1
4113,1
4114,2
4114,3
4115,0
4115,3
4116,2
4116,3
4117,2
4117,2
4118,1
4118,3
4119,1
4119,1
4120,1
4120,1
4121,2
4121,2
4122,0
4122,3
4123,1
4123,1
4124,3
4124,2
4125,1
4125,1
4126,2
4126,3
4127,1
4127,2
4128,1
4128,1
4129,1
4129,1
4130,2
4130,2
4131,1
4131,1
4132,1
4132,1
4133,1
4133,1
4134,3
4134,1
4135,1
4135,1
4136,1
4136,1
4137,1
4137,1
4138,1
4138,1
4139,3
4139,3
4140,0
4140,4
4141,2
4141,3
4142,1
4142,1
4143,1
4143,1
4144,2
4144,1
4145,1
4145,1
4146,1
4146,1
4147,1
4147,1
4148,1
4148,1
4149,1
4149,1
4150,3
4150,2
4151,1
4151,1
4152,1
4152,3
4153,2
4153,1
4154,1
4154,1
4155,1
4155,1
4156,0
4156,3
4157,1
4157,1
4158,1
4158,1
4159,1
4159,1
4160,2
4160,2
4161,3
4161,0
4162,1
4162,1
4163,1
4163,1
4164,1
4164,1
4165,1
4165,1
4166,1
4166,1
4167,2
4167,3
4168,1
4168,1
4169,4
4169,4
4170,1
4170,1
4171,1
4171,1
4172,1
4172,1
4173,1
4173,1
4174,1
4174,1
4175,1
4175,1
4176,1
4176,1
4177,1
4177,2
4178,1
4178,1
4179,1
4179,1
4180,1
4180,1
4181,1
4181,1
4182,1
4182,1
4183,3
4183,0
4184,1
4184,1
4185,1
4185,1
4186,0
4186,0
4187,1
4187,1
4188,1
4188,1
4189,1
4189,1
4190,1
4190,1
4191,1
4191,1
4192,1
4192,1
4193,3
4193,3
4194,1
4194,1
4195,1
4195,1
4196,1
4196,1
4197,1
4197,1
4198,1
4198,1
4199,1
4199,1
4200,1
4200,1
4201,1
4201,1
4202,1
4202,1
4203,1
4203,3
4204,2
4204,3
4205,1
4205,1
4206,1
4206,1
4207,3
4207,3
4208,1
4208,1
4209,1
4209,1
4210,2
4210,2
4211,1
4211,1
4212,3
4212,1
4213,0
4213,3
4214,1
4214,1
4215,3
4215,3
4216,1
4216,1
4217,3
4217,0
4218,1
4218,1
4219,2
4219,2
4220,3
4220,3
4221,1
4221,1
4222,1
4222,1
4223,2
4223,1
4224,3
4224,3
4225,1
4225,1
4226,1
4226,1
4227,4
4227,4
4228,1
4228,1
4229,1
4229,1
4230,1
4230,1
4231,1
4231,1
4232,1
4232,1
4233,1
4233,1
4234,3
4234,1
4235,1
4235,1
4236,1
4236,1
4237,1
4237,1
4238,0
4238,4
4239,1
4239,2
4240,1
4240,1
4241,1
4241,1
4242,2
4242,1
4243,1
4243,1
4244,1
4244,1
4245,2
4245,2
4246,1
4246,1
4247,1
4247,2
4248,1
4248,1
4249,1
4249,1
4250,0
4250,3
4251,1
4251,1
4252,1
4252,1
4253,3
4253,3
4254,1
4254,1
4255,1
4255,1
4256,1
4256,1
4257,1
4257,1
4258,3
4258,3
4259,1
4259,1
4260,2
4260,2
4261,2
4261,0
4262,1
4262,1
4263,1
4263,1
4264,1
4264,1
4265,3
4265,2
4266,1
4266,1
4267,1
4267,1
4268,3
4268,3
4269,3
4269,2
4270,1
4270,1
4271,3
4271,0
4272,2
4272,2
4273,1
4273,1
4274,1
4274,1
4275,1
4275,1
4276,1
4276,1
4277,4
4277,4
4278,1
4278,1
4279,0
4279,0
4280,1
4280,1
4281,1
4281,3
4282,1
4282,1
4283,1
4283,1
4284,2
4284,2
4285,0
4285,0
4286,1
4286,1
4287,2
4287,0
4288,1
4288,1
4289,1
4289,1
4290,1
4290,1
4291,2
4291,2
4292,1
4292,2
4293,1
4293,1
4294,1
4294,1
4295,1
4295,1
4296,1
4296,1
4297,1
4297,1
4298,3
4298,3
4299,1
4299,1
4300,1
4300,1
4301,1
4301,1
4302,1
4302,3
4303,3
4303,2
4304,1
4304,1
4305,4
4305,0
4306,1
4306,1
4307,1
4307,1
4308,1
4308,1
4309,1
4309,1
4310,3
4310,3
4311,1
4311,1
4312,4
4312,0
4313,1
4313,1
4314,1
4314,1
4315,2
4315,1
4316,1
4316,1
4317,1
4317,1
4318,0
4318,3
4319,1
4319,1
4320,1
4320,1
4321,1
4321,1
4322,3
4322,3
4323,2
4323,1
4324,1
4324,1
4325,1
4325,1
4326,1
4326,1
4327,2
4327,2
4328,3
4328,2
4329,1
4329,1
4330,1
4330,1
4331,1
4331,1
4332,1
4332,1
4333,2
4333,2
4334,1
4334,2
4335,0
4335,3
4336,1
4336,1
4337,3
4337,2
4338,1
4338,1
4339,1
4339,1
4340,1
4340,1
4341,1
4341,1
4342,2
4342,2
4343,1
4343,1
4344,4
4344,4
4345,3
4345,3
4346,1
4346,1
4347,1
4347,1
4348,1
4348,1
4349,1
4349,1
4350,1
4350,1
4351,2
4351,2
4352,2
4352,0
4353,1
4353,1
4354,0
4354,4
4355,1
4355,1
4356,3
4356,2
4357,1
4357,1
4358,1
4358,1
4359,1
4359,1
4360,3
4360,1
4361,1
4361,1
4362,2
4362,3
4363,1
4363,2
4364,2
4364,2
4365,1
4365,1
4366,1
4366,1
4367,1
4367,1
4368,1
4368,1
4369,1
4369,1
4370,1
4370,1
4371,1
4371,1
4372,1
4372,1
4373,3
4373,3
4374,1
4374,2
4375,3
4375,3
4376,1
4376,1
4377,2
4377,2
4378,1
4378,1
4379,2
4379,3
4380,1
4380,1
4381,3
4381,3
4382,1
4382,1
4383,1
4383,1
4384,3
4384,3
4385,1
4385,1
4386,0
4386,0
4387,0
4387,0
4388,0
4388,3
4389,1
4389,1
4390,0
4390,1
4391,1
4391,1
4392,1
4392,1
4393,1
4393,1
4394,1
4394,1
4395,1
4395,1
4396,1
4396,1
4397,1
4397,1
4398,1
4398,1
4399,1
4399,1
4400,1
4400,1
4401,3
4401,3
4402,1
4402,1
4403,1
4403,1
4404,3
4404,2
4405,1
4405,1
4406,2
4406,2
4407,1
4407,2
4408,3
4408,3
4409,1
4409,1
4410,1
4410,1
4411,0
4411,0
4412,1
4412,1
4413,1
4413,1
4414,1
4414,1
4415,1
4415,2
4416,1
4416,1
4417,1
4417,1
4418,3
4418,3
4419,1
4419,1
4420,1
4420,1
4421,1
4421,1
4422,0
4422,3
4423,1
4423,1
4424,1
4424,1
4425,4
4425,0
4426,1
4426,1
4427,1
4427,1
4428,1
4428,1
4429,1
4429,1
4430,3
4430,3
4431,1
4431,1
4432,1
4432,1
4433,3
4433,2
4434,1
4434,1
4435,1
4435,1
4436,1
4436,3
4437,1
4437,2
4438,1
4438,1
4439,1
4439,1
4440,1
4440,1
4441,1
4441,1
4442,1
4442,1
4443,1
4443,1
4444,1
4444,1
4445,1
4445,1
4446,2
4446,0
4447,4
4447,4
4448,4
4448,0
4449,2
4449,1
4450,1
4450,2
4451,3
4451,3
4452,1
4452,1
4453,1
4453,1
4454,3
4454,2
4455,1
4455,1
4456,1
4456,3
4457,3
4457,3
4458,3
4458,2
4459,1
4459,1
4460,1
4460,2
4461,2
4461,2
4462,1
4462,1
4463,1
4463,1
4464,1
4464,1
4465,1
4465,1
4466,1
4466,1
4467,1
4467,1
4468,1
4468,1
4469,1
4469,1
4470,2
4470,3
4471,1
4471,1
4472,0
4472,3
4473,3
4473,3
4474,1
4474,1
4475,1
4475,1
4476,1
4476,2
4477,1
4477,2
4478,3
4478,3
4479,1
4479,1
4480,3
4480,3
4481,1
4481,1
4482,3
4482,4
4483,1
4483,1
4484,3
4484,3
4485,1
4485,1
4486,1
4486,1
4487,1
4487,1
4488,2
4488,3
4489,2
4489,3
4490,3
4490,2
4491,2
4491,1
4492,1
4492,1
4493,1
4493,1
4494,1
4494,1
4495,1
4495,1
4496,1
4496,1
4497,3
4497,3
4498,1
4498,2
4499,1
4499,1
4500,1
4500,1
4501,1
4501,1
4502,3
4502,3
4503,1
4503,1
4504,1
4504,1
4505,3
4505,3
4506,3
4506,4
4507,2
4507,3
4508,4
4508,4
4509,3
4509,1
4510,4
4510,4
4511,1
4511,2
4512,1
4512,3
4513,1
4513,1
4514,1
4514,1
4515,1
4515,1
4516,1
4516,1
4517,2
4517,3
4518,1
4518,1
4519,1
4519,1
4520,2
4520,2
4521,2
4521,1
4522,1
4522,1
4523,2
4523,0
4524,2
4524,2
4525,1
4525,1
4526,1
4526,1
4527,1
4527,1
4528,1
4528,1
4529,1
4529,1
4530,1
4530,1
4531,3
4531,3
4532,1
4532,1
4533,1
4533,1
4534,1
4534,1
4535,3
4535,0
4536,1
4536,1
4537,1
4537,1
4538,1
4538,1
4539,1
4539,1
4540,1
4540,1
4541,1
4541,1
4542,1
4542,1
4543,4
4543,0
4544,1
4544,1
4545,1
4545,1
4546,1
4546,1
4547,1
4547,1
4548,1
4548,1
4549,1
4549,1
4550,1
4550,1
4551,1
4551,1
4552,2
4552,1
4553,1
4553,1
4554,1
4554,1
4555,1
4555,1
4556,3
4556,1
4557,1
4557,1
4558,1
4558,1
4559,1
4559,1
4560,3
4560,3
4561,1
4561,1
4562,3
4562,3
4563,1
4563,1
4564,1
4564,1
4565,1
4565,1
4566,1
4566,3
4567,1
4567,1
4568,3
4568,3
4569,1
4569,1
4570,1
4570,1
4571,1
4571,1
4572,1
4572,1
4573,1
4573,3
4574,1
4574,1
4575,1
4575,1
4576,1
4576,1
4577,1
4577,3
4578,3
4578,3
4579,4
4579,0
4580,1
4580,1
4581,1
4581,1
4582,1
4582,1
4583,1
4583,1
4584,1
4584,1
4585,0
4585,3
4586,1
4586,1
4587,1
4587,1
4588,1
4588,1
4589,1
4589,1
4590,1
4590,1
4591,0
4591,0
4592,2
4592,1
4593,1
4593,3
4594,1
4594,1
4595,1
4595,1
4596,3
4596,1
4597,1
4597,1
4598,1
4598,1
4599,1
4599,1
4600,3
4600,2
4601,2
4601,1
4602,1
4602,1
4603,1
4603,1
4604,1
4604,1
4605,1
4605,1
4606,1
4606,1
4607,4
4607,3
4608,1
4608,1
4609,2
4609,2
4610,2
4610,1
4611,2
4611,3
4612,1
4612,1
4613,1
4613,1
4614,1
4614,1
4615,1
4615,1
4616,1
4616,1
4617,1
4617,1
4618,1
4618,2
4619,1
4619,1
4620,1
4620,1
4621,1
4621,2
4622,1
4622,1
4623,1
4623,1
4624,1
4624,1
4625,1
4625,2
4626,3
4626,3
4627,1
4627,1
4628,1
4628,1
4629,1
4629,1
4630,1
4630,1
4631,1
4631,3
4632,1
4632,1
4633,1
4633,1
4634,1
4634,1
4635,3
4635,2
4636,1
4636,1
4637,3
4637,3
4638,1
4638,1
4639,1
4639,1
4640,2
4640,1
4641,1
4641,1
4642,1
4642,1
4643,1
4643,1
4644,1
4644,1
4645,3
4645,1
4646,1
4646,1
4647,4
4647,4
4648,1
4648,1
4649,1
4649,1
4650,1
4650,1
4651,1
4651,1
4652,1
4652,1
4653,3
4653,3
4654,1
4654,1
4655,3
4655,2
4656,3
4656,1
4657,1
4657,1
4658,2
4658,0
4659,1
4659,3
4660,1
4660,1
4661,2
4661,3
4662,1
4662,1
4663,3
4663,3
4664,1
4664,1
4665,1
4665,1
4666,3
4666,3
4667,1
4667,1
4668,1
4668,1
4669,1
4669,1
4670,1
4670,2
4671,2
4671,2
4672,1
4672,1
4673,3
4673,0
4674,1
4674,1
4675,3
4675,2
4676,1
4676,1
4677,1
4677,1
4678,1
4678,1
4679,1
4679,1
4680,3
4680,3
4681,1
4681,1
4682,0
4682,3
4683,1
4683,1
4684,1
4684,1
4685,1
4685,1
4686,1
4686,1
4687,1
4687,1
4688,1
4688,1
4689,1
4689,1
4690,1
4690,1
4691,1
4691,1
4692,1
4692,1
4693,1
4693,1
4694,1
4694,1
4695,1
4695,1
4696,1
4696,1
4697,2
4697,1
4698,1
4698,1
4699,1
4699,0
4700,2
4700,3
4701,1
4701,1
4702,1
4702,1
4703,1
4703,1
4704,0
4704,3
4705,1
4705,3
4706,1
4706,2
4707,1
4707,1
4708,3
4708,2
4709,1
4709,1
4710,1
4710,1
4711,1
4711,1
4712,1
4712,1
4713,1
4713,1
4714,1
4714,1
4715,0
4715,3
4716,1
4716,1
4717,1
4717,1
4718,3
4718,1
4719,1
4719,1
4720,1
4720,1
4721,1
4721,1
4722,1
4722,1
4723,1
4723,1
4724,1
4724,1
4725,0
4725,4
4726,3
4726,3
4727,1
4727,1
4728,0
4728,0
4729,1
4729,3
4730,1
4730,1
4731,1
4731,1
4732,4
4732,4
4733,1
4733,2
4734,2
4734,1
4735,3
4735,3
4736,3
4736,2
4737,1
4737,1
4738,3
4738,3
4739,1
4739,1
4740,1
4740,1
4741,1
4741,1
4742,3
4742,3
4743,1
4743,1
4744,1
4744,1
4745,1
4745,1
4746,1
4746,1
4747,2
4747,2
4748,3
4748,3
4749,1
4749,1
4750,3
4750,3
4751,1
4751,1
4752,1
4752,1
4753,1
4753,1
4754,1
4754,1
4755,1
4755,1
4756,1
4756,1
4757,1
4757,1
4758,1
4758,1
4759,1
4759,1
4760,1
4760,1
4761,1
4761,1
4762,1
4762,1
4763,1
4763,1
4764,1
4764,1
4765,3
4765,3
4766,1
4766,1
4767,1
4767,1
4768,1
4768,1
4769,1
4769,1
4770,1
4770,1
4771,3
4771,3
4772,1
4772,1
4773,1
4773,1
4774,3
4774,3
4775,1
4775,1
4776,1
4776,1
4777,1
4777,1
4778,1
4778,1
4779,3
4779,3
4780,1
4780,1
4781,1
4781,1
4782,1
4782,1
4783,1
4783,1
4784,3
4784,3
4785,3
4785,3
4786,2
4786,2
4787,1
4787,1
4788,2
4788,3
4789,2
4789,2
4790,3
4790,3
4791,1
4791,3
4792,1
4792,1
4793,1
4793,1
4794,1
4794,1
4795,1
4795,1
4796,3
4796,3
4797,1
4797,1
4798,2
4798,1
4799,1
4799,1
4800,3
4800,2
4801,2
4801,2
4802,4
4802,4
4803,1
4803,1
4804,1
4804,1
4805,1
4805,1
4806,2
4806,2
4807,1
4807,1
4808,0
4808,0
4809,3
4809,1
4810,2
4810,2
4811,1
4811,1
4812,3
4812,3
4813,1
4813,1
4814,1
4814,2
4815,2
4815,1
4816,3
4816,3
4817,1
4817,1
4818,1
4818,1
4819,0
4819,3
4820,1
4820,1
4821,1
4821,3
4822,1
4822,1
4823,3
4823,3
4824,1
4824,3
4825,1
4825,1
4826,1
4826,1
4827,1
4827,1
4828,1
4828,1
4829,2
4829,2
4830,1
4830,1
4831,1
4831,1
4832,1
4832,1
4833,1
4833,1
4834,3
4834,3
4835,1
4835,1
4836,1
4836,1
4837,2
4837,3
4838,1
4838,1
4839,1
4839,1
4840,1
4840,1
4841,1
4841,1
4842,1
4842,1
4843,1
4843,1
4844,1
4844,1
4845,1
4845,1
4846,1
4846,1
4847,1
4847,1
4848,1
4848,1
4849,1
4849,1
4850,1
4850,1
4851,1
4851,1
4852,3
4852,3
4853,1
4853,1
4854,3
4854,3
4855,2
4855,2
4856,1
4856,1
4857,1
4857,1
4858,1
4858,1
4859,1
4859,1
4860,1
4860,1
4861,1
4861,1
4862,1
4862,1
4863,1
4863,1
4864,1
4864,1
4865,3
4865,3
4866,1
4866,1
4867,3
4867,3
4868,2
4868,2
4869,3
4869,3
4870,1
4870,1
4871,1
4871,1
4872,1
4872,1
4873,1
4873,1
4874,1
4874,1
4875,1
4875,1
4876,1
4876,1
4877,1
4877,1
4878,1
4878,1
4879,0
4879,4
4880,1
4880,1
4881,1
4881,1
4882,1
4882,3
4883,1
4883,1
4884,2
4884,3
4885,1
4885,1
4886,1
4886,2
4887,3
4887,3
4888,3
4888,3
4889,3
4889,2
4890,1
4890,1
4891,1
4891,1
4892,1
4892,2
4893,2
4893,2
4894,1
4894,1
4895,1
4895,1
4896,1
4896,1
4897,2
4897,0
4898,1
4898,3
4899,3
4899,3
4900,1
4900,1
4901,2
4901,3
4902,1
4902,2
4903,1
4903,1
4904,2
4904,3
4905,1
4905,1
4906,3
4906,3
4907,3
4907,1
4908,1
4908,1
4909,1
4909,1
4910,1
4910,1
4911,1
4911,1
4912,1
4912,1
4913,1
4913,1
4914,1
4914,1
4915,1
4915,2
4916,1
4916,1
4917,3
4917,3
4918,2
4918,2
4919,1
4919,1
4920,1
4920,1
4921,1
4921,3
4922,1
4922,1
4923,1
4923,1
4924,1
4924,1
4925,1
4925,1
4926,1
4926,1
4927,2
4927,1
4928,3
4928,3
4929,1
4929,1
4930,1
4930,1
4931,1
4931,1
4932,3
4932,3
4933,3
4933,3
4934,1
4934,1
4935,1
4935,1
4936,1
4936,1
4937,1
4937,1
4938,1
4938,1
4939,1
4939,1
4940,3
4940,3
4941,1
4941,1
4942,2
4942,3
4943,1
4943,1
4944,1
4944,1
4945,1
4945,1
4946,3
4946,3
4947,1
4947,1
4948,3
4948,3
4949,1
4949,1
4950,3
4950,3
4951,3
4951,3
4952,1
4952,1
4953,3
4953,2
4954,1
4954,1
4955,1
4955,1
4956,3
4956,3
4957,0
4957,3
4958,2
4958,3
4959,1
4959,1
4960,1
4960,1
4961,3
4961,1
4962,3
4962,3
4963,1
4963,1
4964,3
4964,3
4965,2
4965,2
4966,1
4966,1
4967,1
4967,1
4968,1
4968,1
4969,1
4969,1
4970,1
4970,1
4971,1
4971,1
4972,2
4972,2
4973,1
4973,1
4974,1
4974,1
4975,2
4975,1
4976,1
4976,1
4977,2
4977,2
4978,1
4978,2
4979,4
4979,0
4980,1
4980,1
4981,3
4981,3
4982,1
4982,1
4983,1
4983,1
4984,3
4984,1
4985,2
4985,1
4986,1
4986,1
4987,1
4987,1
4988,1
4988,1
4989,1
4989,1
4990,1
4990,1
4991,1
4991,1
4992,1
4992,1
4993,1
4993,1
4994,2
4994,2
4995,3
4995,3
4996,1
4996,1
4997,1
4997,1
4998,1
4998,1
4999,1
4999,1
5000,3
5000,2
5001,3
5001,3
5002,3
5002,2
5003,1
5003,1
5004,1
5004,1
5005,0
5005,3
5006,1
5006,1
5007,1
5007,1
5008,3
5008,2
5009,1
5009,1
5010,1
5010,1
5011,0
5011,0
5012,1
5012,1
5013,1
5013,1
5014,1
5014,2
5015,4
5015,0
5016,1
5016,1
5017,1
5017,1
5018,3
5018,3
5019,1
5019,1
5020,2
5020,1
5021,2
5021,2
5022,1
5022,1
5023,1
5023,1
5024,1
5024,1
5025,1
5025,1
5026,0
5026,4
5027,1
5027,1
5028,1
5028,1
5029,1
5029,1
5030,1
5030,1
5031,1
5031,1
5032,1
5032,1
5033,1
5033,1
5034,1
5034,2
5035,2
5035,3
5036,1
5036,1
5037,1
5037,1
5038,1
5038,3
5039,3
5039,3
5040,1
5040,2
5041,1
5041,1
5042,3
5042,3
5043,1
5043,1
5044,1
5044,1
5045,1
5045,1
5046,4
5046,4
5047,3
5047,2
5048,1
5048,1
5049,1
5049,1
5050,1
5050,1
5051,1
5051,1
5052,1
5052,1
5053,2
5053,2
5054,3
5054,4
5055,1
5055,1
5056,2
5056,1
5057,1
5057,1
5058,1
5058,1
5059,1
5059,1
5060,1
5060,1
5061,3
5061,2
5062,1
5062,1
5063,1
5063,1
5064,1
5064,1
5065,2
5065,3
5066,1
5066,1
5067,1
5067,1
5068,1
5068,1
5069,1
5069,1
5070,2
5070,3
5071,1
5071,1
5072,1
5072,1
5073,1
5073,1
5074,4
5074,3
5075,1
5075,1
5076,1
5076,1
5077,3
5077,3
5078,1
5078,1
5079,1
5079,1
5080,1
5080,1
5081,1
5081,1
5082,3
5082,3
5083,3
5083,3
5084,2
5084,3
5085,3
5085,3
5086,1
5086,1
5087,3
5087,2
5088,1
5088,1
5089,1
5089,1
5090,3
5090,3
5091,3
5091,2
5092,1
5092,1
5093,1
5093,1
5094,1
5094,1
5095,1
5095,1
5096,3
5096,3
5097,1
5097,1
5098,3
5098,3
5099,2
5099,1
5100,4
5100,3
5101,1
5101,1
5102,1
5102,1
5103,2
5103,2
5104,1
5104,1
5105,1
5105,1
5106,1
5106,1
5107,0
5107,3
5108,3
5108,3
5109,1
5109,3
5110,1
5110,1
5111,3
5111,4
5112,3
5112,2
5113,3
5113,3
5114,1
5114,1
5115,1
5115,1
5116,1
5116,1
5117,1
5117,1
5118,1
5118,2
5119,1
5119,1
5120,3
5120,3
5121,1
5121,2
5122,1
5122,1
5123,1
5123,1
5124,3
5124,3
5125,1
5125,1
5126,1
5126,1
5127,1
5127,1
5128,1
5128,1
5129,1
5129,2
5130,1
5130,1
5131,2
5131,2
5132,1
5132,1
5133,1
5133,1
5134,1
5134,1
5135,1
5135,1
5136,1
5136,2
5137,1
5137,1
5138,1
5138,1
5139,1
5139,1
5140,3
5140,3
5141,1
5141,1
5142,3
5142,0
5143,1
5143,1
5144,1
5144,1
5145,1
5145,1
5146,1
5146,1
5147,1
5147,1
5148,1
5148,1
5149,1
5149,1
5150,1
5150,1
5151,2
5151,1
5152,1
5152,1
5153,3
5153,3
5154,1
5154,1
5155,1
5155,1
5156,3
5156,3
5157,1
5157,1
5158,3
5158,1
5159,1
5159,1
5160,1
5160,1
5161,3
5161,0
5162,1
5162,1
5163,3
5163,3
5164,1
5164,1
5165,1
5165,1
5166,1
5166,1
5167,2
5167,2
5168,1
5168,1
5169,1
5169,1
5170,1
5170,1
5171,1
5171,1
5172,3
5172,3
5173,1
5173,1
5174,1
5174,1
5175,1
5175,1
5176,1
5176,1
5177,1
5177,1
5178,3
5178,3
5179,1
5179,1
5180,1
5180,1
5181,1
5181,1
5182,3
5182,3
5183,1
5183,1
5184,3
5184,3
5185,3
5185,3
5186,1
5186,2
5187,1
5187,2
5188,1
5188,1
5189,1
5189,1
5190,1
5190,1
5191,1
5191,1
5192,1
5192,1
5193,1
5193,2
5194,1
5194,1
5195,1
5195,1
5196,1
5196,1
5197,1
5197,3
5198,3
5198,3
5199,1
5199,1
5200,1
5200,1
5201,1
5201,1
5202,1
5202,1
5203,1
5203,1
5204,1
5204,1
5205,2
5205,2
5206,1
5206,1
5207,1
5207,1
5208,1
5208,2
5209,1
5209,1
5210,1
5210,1
5211,2
5211,1
5212,1
5212,1
5213,1
5213,1
5214,1
5214,1
5215,1
5215,1
5216,1
5216,1
5217,1
5217,2
5218,1
5218,1
5219,1
5219,2
5220,3
5220,3
5221,1
5221,1
5222,3
5222,3
5223,1
5223,1
5224,1
5224,1
5225,1
5225,2
5226,1
5226,1
5227,2
5227,2
5228,1
5228,1
5229,1
5229,1
5230,1
5230,1
5231,1
5231,1
5232,2
5232,2
5233,1
5233,1
5234,1
5234,1
5235,1
5235,1
5236,1
5236,1
5237,1
5237,1
5238,1
5238,1
5239,3
5239,3
5240,1
5240,1
5241,1
5241,1
5242,1
5242,2
5243,1
5243,1
5244,1
5244,1
5245,1
5245,1
5246,1
5246,1
5247,1
5247,1
5248,1
5248,1
5249,0
5249,3
5250,3
5250,3
5251,1
5251,1
5252,1
5252,1
5253,1
5253,3
5254,1
5254,1
5255,1
5255,1
5256,0
5256,4
5257,1
5257,1
5258,1
5258,1
5259,1
5259,1
5260,3
5260,3
5261,1
5261,1
5262,1
5262,1
5263,1
5263,2
5264,1
5264,1
5265,3
5265,3
5266,1
5266,1
5267,1
5267,1
5268,0
5268,0
5269,3
5269,3
5270,1
5270,2
5271,3
5271,3
5272,1
5272,1
5273,3
5273,3
5274,1
5274,1
5275,1
5275,1
5276,1
5276,1
5277,3
5277,3
5278,2
5278,2
5279,1
5279,1
5280,1
5280,1
5281,2
5281,3
5282,3
5282,3
5283,0
5283,2
5284,1
5284,1
5285,1
5285,1
5286,1
5286,1
5287,1
5287,1
5288,1
5288,1
5289,3
5289,3
5290,1
5290,1
5291,1
5291,1
5292,1
5292,1
5293,1
5293,1
5294,1
5294,2
5295,1
5295,1
5296,1
5296,1
5297,1
5297,1
5298,1
5298,1
5299,1
5299,1
5300,3
5300,3
5301,1
5301,1
5302,3
5302,1
5303,1
5303,1
5304,1
5304,1
5305,3
5305,3
5306,0
5306,0
5307,1
5307,1
5308,1
5308,1
5309,1
5309,1
5310,1
5310,1
5311,1
5311,1
5312,0
5312,3
5313,1
5313,1
5314,1
5314,1
5315,1
5315,1
5316,1
5316,1
5317,3
5317,3
5318,1
5318,1
5319,2
5319,3
5320,1
5320,1
5321,3
5321,3
5322,1
5322,1
5323,3
5323,2
5324,1
5324,1
5325,1
5325,1
5326,1
5326,1
5327,1
5327,1
5328,1
5328,1
5329,3
5329,3
5330,1
5330,1
5331,1
5331,1
5332,1
5332,1
5333,0
5333,3
5334,1
5334,1
5335,1
5335,1
5336,1
5336,1
5337,3
5337,2
5338,2
5338,2
5339,2
5339,1
5340,1
5340,1
5341,1
5341,1
5342,1
5342,1
5343,1
5343,1
5344,1
5344,1
5345,0
5345,3
5346,1
5346,1
5347,2
5347,1
5348,1
5348,1
5349,1
5349,1
5350,2
5350,2
5351,1
5351,1
5352,3
5352,3
5353,1
5353,1
5354,1
5354,1
5355,3
5355,1
5356,1
5356,1
5357,1
5357,1
5358,1
5358,1
5359,0
5359,0
5360,1
5360,1
5361,1
5361,3
5362,1
5362,1
5363,1
5363,1
5364,3
5364,0
5365,3
5365,2
5366,1
5366,1
5367,0
5367,4
5368,1
5368,1
5369,3
5369,1
5370,1
5370,1
5371,3
5371,3
5372,1
5372,1
5373,1
5373,1
5374,1
5374,1
5375,1
5375,1
5376,2
5376,3
5377,1
5377,1
5378,1
5378,1
5379,1
5379,1
5380,1
5380,1
5381,1
5381,1
5382,1
5382,1
5383,1
5383,1
5384,1
5384,1
5385,1
5385,1
5386,2
5386,1
5387,4
5387,0
5388,1
5388,1
5389,2
5389,2
5390,2
5390,3
5391,1
5391,1
5392,1
5392,1
5393,1
5393,1
5394,3
5394,4
5395,1
5395,1
5396,1
5396,2
5397,3
5397,3
5398,1
5398,1
5399,1
5399,2
5400,1
5400,1
5401,1
5401,1
5402,1
5402,1
5403,1
5403,2
5404,3
5404,1
5405,1
5405,1
5406,1
5406,1
5407,1
5407,1
5408,1
5408,3
5409,1
5409,1
5410,1
5410,1
5411,1
5411,1
5412,2
5412,3
5413,2
5413,3
5414,1
5414,1
5415,1
5415,1
5416,1
5416,1
5417,1
5417,1
5418,3
5418,3
5419,1
5419,1
5420,3
5420,1
5421,1
5421,1
5422,3
5422,1
5423,1
5423,1
5424,1
5424,1
5425,1
5425,1
5426,3
5426,2
5427,1
5427,1
5428,3
5428,3
5429,1
5429,1
5430,3
5430,1
5431,1
5431,1
5432,1
5432,1
5433,0
5433,4
5434,1
5434,2
5435,1
5435,1
5436,1
5436,1
5437,3
5437,1
5438,1
5438,1
5439,1
5439,1
5440,1
5440,1
5441,3
5441,2
5442,1
5442,1
5443,2
5443,3
5444,1
5444,1
5445,2
5445,3
5446,1
5446,1
5447,1
5447,1
5448,3
5448,3
5449,1
5449,1
5450,3
5450,3
5451,1
5451,1
5452,2
5452,3
5453,2
5453,3
5454,1
5454,1
5455,1
5455,2
5456,1
5456,1
5457,2
5457,1
5458,3
5458,3
5459,1
5459,1
5460,1
5460,1
5461,1
5461,1
5462,1
5462,1
5463,3
5463,3
5464,1
5464,1
5465,1
5465,1
5466,3
5466,3
5467,1
5467,1
5468,3
5468,2
5469,1
5469,1
5470,1
5470,1
5471,1
5471,1
5472,3
5472,2
5473,1
5473,1
5474,1
5474,1
5475,3
5475,3
5476,1
5476,1
5477,1
5477,1
5478,1
5478,1
5479,1
5479,1
5480,1
5480,3
5481,1
5481,1
5482,3
5482,2
5483,1
5483,1
5484,1
5484,1
5485,1
5485,1
5486,1
5486,1
5487,1
5487,1
5488,2
5488,3
5489,1
5489,1
5490,2
5490,1
5491,3
5491,1
5492,2
5492,3
5493,3
5493,3
5494,1
5494,1
5495,1
5495,1
5496,1
5496,1
5497,1
5497,2
5498,1
5498,1
5499,1
5499,1
5500,1
5500,1
5501,4
5501,3
5502,1
5502,1
5503,1
5503,1
5504,0
5504,0
5505,1
5505,1
5506,1
5506,1
5507,1
5507,1
5508,1
5508,1
5509,1
5509,1
5510,1
5510,1
5511,4
5511,3
5512,3
5512,2
5513,1
5513,1
5514,1
5514,1
5515,1
5515,1
5516,1
5516,1
5517,3
5517,3
5518,1
5518,1
5519,2
5519,3
5520,1
5520,2
5521,1
5521,1
5522,3
5522,3
5523,2
5523,0
5524,3
5524,1
5525,1
5525,1
5526,3
5526,3
5527,1
5527,1
5528,1
5528,1
5529,1
5529,1
5530,0
5530,3
5531,1
5531,2
5532,1
5532,1
5533,1
5533,1
5534,1
5534,1
5535,1
5535,1
5536,0
5536,3
5537,1
5537,1
5538,3
5538,1
5539,3
5539,3
5540,1
5540,1
5541,1
5541,1
5542,1
5542,1
5543,2
5543,3
5544,1
5544,1
5545,1
5545,1
5546,1
5546,1
5547,1
5547,1
5548,1
5548,1
5549,1
5549,1
5550,4
5550,0
5551,1
5551,1
5552,1
5552,1
5553,3
5553,3
5554,2
5554,1
5555,0
5555,0
5556,2
5556,3
5557,1
5557,2
5558,2
5558,0
5559,1
5559,1
5560,2
5560,1
5561,1
5561,1
5562,1
5562,1
5563,1
5563,1
5564,1
5564,1
5565,2
5565,1
5566,1
5566,1
5567,3
5567,3
5568,0
5568,0
5569,3
5569,1
5570,2
5570,3
5571,1
5571,1
5572,1
5572,1
5573,3
5573,1
5574,1
5574,3
5575,3
5575,3
5576,3
5576,2
5577,1
5577,1
5578,1
5578,1
5579,1
5579,1
5580,3
5580,3
5581,1
5581,1
5582,1
5582,1
5583,1
5583,1
5584,1
5584,1
5585,3
5585,3
5586,1
5586,1
5587,1
5587,1
5588,1
5588,1
5589,1
5589,1
5590,1
5590,1
5591,1
5591,1
5592,2
5592,1
5593,1
5593,2
5594,1
5594,1
5595,2
5595,2
5596,3
5596,3
5597,1
5597,1
5598,1
5598,1
5599,1
5599,2
5600,3
5600,1
5601,1
5601,1
5602,1
5602,1
5603,1
5603,1
5604,3
5604,3
5605,0
5605,0
5606,1
5606,1
5607,1
5607,1
5608,1
5608,1
5609,1
5609,1
5610,1
5610,1
5611,1
5611,1
5612,1
5612,1
5613,1
5613,1
5614,4
5614,0
5615,3
5615,3
5616,1
5616,1
5617,1
5617,2
5618,1
5618,1
5619,1
5619,1
5620,2
5620,2
5621,3
5621,3
5622,1
5622,1
5623,2
5623,3
5624,1
5624,1
5625,3
5625,1
5626,1
5626,3
5627,4
5627,4
5628,1
5628,1
5629,1
5629,1
5630,1
5630,3
5631,1
5631,1
5632,1
5632,1
5633,1
5633,1
5634,0
5634,3
5635,1
5635,1
5636,4
5636,4
5637,1
5637,1
5638,1
5638,1
5639,1
5639,1
5640,1
5640,1
5641,1
5641,1
5642,1
5642,1
5643,4
5643,4
5644,1
5644,1
5645,2
5645,2
5646,1
5646,1
5647,1
5647,1
5648,1
5648,1
5649,1
5649,1
5650,3
5650,3
5651,1
5651,1
5652,1
5652,1
5653,3
5653,1
5654,3
5654,3
5655,1
5655,1
5656,1
5656,1
5657,3
5657,1
5658,1
5658,3
5659,2
5659,1
5660,1
5660,1
5661,1
5661,1
5662,1
5662,1
5663,2
5663,3
5664,2
5664,3
5665,1
5665,1
5666,1
5666,1
5667,3
5667,3
5668,1
5668,1
5669,1
5669,1
5670,1
5670,1
5671,1
5671,1
5672,1
5672,1
5673,1
5673,1
5674,1
5674,1
5675,3
5675,3
5676,1
5676,1
5677,3
5677,3
5678,1
5678,1
5679,2
5679,2
5680,3
5680,3
5681,1
5681,1
5682,0
5682,0
5683,1
5683,1
5684,0
5684,0
5685,1
5685,1
5686,0
5686,4
5687,1
5687,1
5688,1
5688,1
5689,3
5689,3
5690,1
5690,1
5691,2
5691,1
5692,1
5692,1
5693,1
5693,1
5694,1
5694,1
5695,1
5695,1
5696,1
5696,1
5697,1
5697,1
5698,2
5698,2
5699,2
5699,2
5700,1
5700,1
5701,2
5701,1
5702,1
5702,1
5703,1
5703,1
5704,1
5704,1
5705,1
5705,3
5706,1
5706,2
5707,1
5707,1
5708,1
5708,2
5709,1
5709,1
5710,1
5710,1
5711,1
5711,1
5712,1
5712,1
5713,1
5713,1
5714,1
5714,1
5715,1
5715,1
5716,1
5716,2
5717,3
5717,3
5718,1
5718,1
5719,1
5719,1
5720,2
5720,2
5721,1
5721,1
5722,3
5722,3
5723,2
5723,2
5724,1
5724,1
5725,1
5725,1
5726,3
5726,1
5727,1
5727,1
5728,3
5728,3
5729,1
5729,1
5730,1
5730,1
5731,1
5731,1
5732,1
5732,1
5733,3
5733,1
5734,3
5734,3
5735,1
5735,1
5736,1
5736,1
5737,1
5737,1
5738,3
5738,0
5739,1
5739,1
5740,1
5740,1
5741,1
5741,1
5742,1
5742,1
5743,1
5743,1
5744,3
5744,3
5745,1
5745,1
5746,1
5746,1
5747,0
5747,3
5748,1
5748,1
5749,3
5749,3
5750,1
5750,1
5751,1
5751,1
5752,1
5752,1
5753,1
5753,1
5754,3
5754,3
5755,3
5755,3
5756,1
5756,1
5757,2
5757,1
5758,3
5758,1
5759,0
5759,3
5760,1
5760,1
5761,1
5761,1
5762,3
5762,2
5763,4
5763,3
5764,1
5764,1
5765,2
5765,2
5766,1
5766,1
5767,2
5767,2
5768,1
5768,1
5769,2
5769,1
5770,1
5770,1
5771,2
5771,3
5772,1
5772,1
5773,1
5773,1
5774,1
5774,1
5775,1
5775,1
5776,2
5776,1
5777,1
5777,1
5778,1
5778,2
5779,3
5779,3
5780,3
5780,2
5781,1
5781,1
5782,1
5782,1
5783,1
5783,1
5784,1
5784,1
5785,1
5785,1
5786,3
5786,3
5787,4
5787,3
5788,0
5788,3
5789,1
5789,1
5790,1
5790,1
5791,1
5791,1
5792,3
5792,3
5793,1
5793,1
5794,3
5794,3
5795,4
5795,4
5796,1
5796,1
5797,2
5797,1
5798,1
5798,1
5799,1
5799,1
5800,1
5800,1
5801,1
5801,2
5802,1
5802,1
5803,1
5803,1
5804,1
5804,1
5805,1
5805,3
5806,3
5806,1
5807,1
5807,1
5808,1
5808,1
5809,3
5809,2
5810,1
5810,1
5811,3
5811,3
5812,3
5812,0
5813,1
5813,1
5814,1
5814,1
5815,1
5815,1
5816,1
5816,1
5817,1
5817,1
5818,1
5818,1
5819,1
5819,1
5820,1
5820,1
5821,1
5821,1
5822,1
5822,1
5823,1
5823,1
5824,0
5824,0
5825,1
5825,1
5826,1
5826,1
5827,1
5827,2
5828,1
5828,1
5829,1
5829,1
5830,1
5830,1
5831,4
5831,4
5832,1
5832,1
5833,1
5833,1
5834,1
5834,1
5835,1
5835,1
5836,1
5836,1
5837,0
5837,0
5838,3
5838,3
5839,1
5839,1
5840,1
5840,3
5841,3
5841,3
5842,1
5842,1
5843,3
5843,3
5844,1
5844,1
5845,1
5845,1
5846,1
5846,1
5847,2
5847,3
5848,3
5848,3
5849,1
5849,1
5850,1
5850,1
5851,1
5851,3
5852,3
5852,3
5853,3
5853,2
5854,2
5854,2
5855,1
5855,1
5856,1
5856,1
5857,1
5857,1
5858,1
5858,1
5859,1
5859,1
5860,1
5860,1
5861,3
5861,1
5862,2
5862,1
5863,1
5863,1
5864,1
5864,1
5865,2
5865,2
5866,1
5866,1
5867,1
5867,1
5868,1
5868,1
5869,1
5869,1
5870,1
5870,1
5871,1
5871,1
5872,2
5872,2
5873,1
5873,1
5874,2
5874,3
5875,2
5875,1
5876,1
5876,1
5877,1
5877,1
5878,3
5878,3
5879,1
5879,1
5880,4
5880,0
5881,1
5881,2
5882,1
5882,1
5883,1
5883,1
5884,1
5884,1
5885,1
5885,1
5886,0
5886,0
5887,1
5887,1
5888,3
5888,3
5889,1
5889,1
5890,3
5890,3
5891,1
5891,1
5892,1
5892,1
5893,1
5893,1
5894,1
5894,1
5895,1
5895,1
5896,1
5896,1
5897,1
5897,1
5898,1
5898,1
5899,1
5899,1
5900,1
5900,1
5901,1
5901,1
5902,1
5902,1
5903,1
5903,1
5904,1
5904,1
5905,1
5905,2
5906,1
5906,1
5907,1
5907,1
5908,2
5908,2
5909,1
5909,1
5910,1
5910,1
5911,2
5911,3
5912,1
5912,1
5913,1
5913,1
5914,1
5914,1
5915,2
5915,2
5916,3
5916,4
5917,2
5917,2
5918,1
5918,1
5919,1
5919,1
5920,1
5920,1
5921,1
5921,1
5922,3
5922,3
5923,1
5923,1
5924,2
5924,2
5925,3
5925,3
5926,1
5926,1
5927,1
5927,1
5928,1
5928,1
5929,1
5929,1
5930,1
5930,1
5931,1
5931,1
5932,1
5932,1
5933,1
5933,1
5934,1
5934,1
5935,1
5935,1
5936,1
5936,1
5937,1
5937,1
5938,1
5938,1
5939,1
5939,1
5940,1
5940,1
5941,1
5941,1
5942,1
5942,1
5943,1
5943,1
5944,1
5944,1
5945,1
5945,1
5946,1
5946,1
5947,2
5947,1
5948,3
5948,3
5949,3
5949,1
5950,3
5950,3
5951,1
5951,1
5952,3
5952,2
5953,1
5953,2
5954,4
5954,4
5955,0
5955,3
5956,2
5956,3
5957,2
5957,3
5958,1
5958,1
5959,1
5959,1
5960,1
5960,1
5961,0
5961,3
5962,1
5962,1
5963,3
5963,2
5964,0
5964,3
5965,1
5965,1
5966,1
5966,1
5967,1
5967,1
5968,1
5968,1
5969,1
5969,1
5970,1
5970,1
5971,1
5971,1
5972,3
5972,3
5973,1
5973,1
5974,3
5974,1
5975,1
5975,1
5976,1
5976,1
5977,1
5977,1
5978,3
5978,0
5979,1
5979,1
5980,3
5980,3
5981,3
5981,3
5982,1
5982,1
5983,1
5983,1
5984,1
5984,1
5985,1
5985,1
5986,1
5986,1
5987,1
5987,1
5988,1
5988,1
5989,1
5989,1
5990,3
5990,3
5991,1
5991,1
5992,1
5992,1
5993,1
5993,1
5994,1
5994,1
5995,1
5995,1
5996,0
5996,0
5997,1
5997,1
5998,1
5998,1
5999,1
5999,1
6000,3
6000,0
6001,3
6001,3
6002,3
6002,3
6003,3
6003,3
6004,1
6004,1
6005,1
6005,1
6006,1
6006,1
6007,3
6007,0
6008,1
6008,1
6009,1
6009,1
6010,3
6010,0
6011,2
6011,1
6012,1
6012,1
6013,1
6013,1
6014,1
6014,1
6015,1
6015,1
6016,4
6016,3
6017,1
6017,1
6018,2
6018,2
6019,1
6019,2
6020,1
6020,1
6021,1
6021,1
6022,1
6022,1
6023,2
6023,2
6024,1
6024,1
6025,3
6025,3
6026,1
6026,1
6027,1
6027,1
6028,1
6028,1
6029,1
6029,1
6030,2
6030,2
6031,1
6031,1
6032,1
6032,1
6033,1
6033,1
6034,1
6034,1
6035,2
6035,3
6036,4
6036,4
6037,1
6037,3
6038,1
6038,1
6039,1
6039,3
6040,3
6040,3
